{"type":"FeatureCollection","features":[{"type":"Feature","id":1,"geometry":{"type":"Point","coordinates":[-58.440546,-34.623064]},"properties":{"id":1,"name":"AV. JUAN B. ALBERDI 890 Y CENTENERA","tipo":"Analítica de video","tags":{"name":"AV. JUAN B. ALBERDI 890 Y CENTENERA","enforcement":"Analítica de video"},"type":"speed_camera"}},{"type":"Feature","id":2,"geometry":{"type":"Point","coordinates":[-58.458316,-34.604058]},"properties":{"id":2,"name":"AV. JUAN B. JUSTO 3969 Y AV. SAN MARTIN","tipo":"Analítica de video","tags":{"name":"AV. JUAN B. JUSTO 3969 Y AV. SAN MARTIN","enforcement":"Analítica de video"},"type":"speed_camera"}},{"type":"Feature","id":3,"geometry":{"type":"Point","coordinates":[-58.43616,-34.617984]},"properties":{"id":3,"name":"AV. RIVADAVIA 4987 Y ACOYTE","tipo":"Analítica de video","tags":{"name":"AV. RIVADAVIA 4987 Y ACOYTE","enforcement":"Analítica de video"},"type":"speed_camera"}},{"type":"Feature","id":4,"geometry":{"type":"Point","coordinates":[-58.379973,-34.620109]},"properties":{"id":4,"name":"BERNARDO DE IRIGOYEN 1026 Y CARLOS CALVO","tipo":"Analítica de video","tags":{"name":"BERNARDO DE IRIGOYEN 1026 Y CARLOS CALVO","enforcement":"Analítica de video"},"type":"speed_camera"}},{"type":"Feature","id":5,"geometry":{"type":"Point","coordinates":[-58.448532,-34.582732]},"properties":{"id":5,"name":"AV. CÓRDOBA 6287 Y JORGE NEWBERY","tipo":"Analítica de video","tags":{"name":"AV. CÓRDOBA 6287 Y JORGE NEWBERY","enforcement":"Analítica de video"},"type":"speed_camera"}},{"type":"Feature","id":6,"geometry":{"type":"Point","coordinates":[-58.511763,-34.639468]},"properties":{"id":6,"name":"AV. RIVADAVIA 10524 Y MIRALLA","tipo":"Analítica de video","tags":{"name":"AV. RIVADAVIA 10524 Y MIRALLA","enforcement":"Analítica de video"},"type":"speed_camera"}},{"type":"Feature","id":7,"geometry":{"type":"Point","coordinates":[-58.429025,-34.61822]},"properties":{"id":7,"name":"ROSARIO 21 Y AV. LA PLATA","tipo":"Analítica de video","tags":{"name":"ROSARIO 21 Y AV. LA PLATA","enforcement":"Analítica de video"},"type":"speed_camera"}},{"type":"Feature","id":8,"geometry":{"type":"Point","coordinates":[-58.429965,-34.59468]},"properties":{"id":8,"name":"AV. CÓRDOBA 4570 Y SCALABRINI ORTIZ","tipo":"Analítica de video","tags":{"name":"AV. CÓRDOBA 4570 Y SCALABRINI ORTIZ","enforcement":"Analítica de video"},"type":"speed_camera"}},{"type":"Feature","id":9,"geometry":{"type":"Point","coordinates":[-58.428715,-34.594967]},"properties":{"id":9,"name":"AV. CÓRDOBA 4471 Y ARAOZ","tipo":"Analítica de video","tags":{"name":"AV. CÓRDOBA 4471 Y ARAOZ","enforcement":"Analítica de video"},"type":"speed_camera"}},{"type":"Feature","id":10,"geometry":{"type":"Point","coordinates":[-58.45644,-34.621172]},"properties":{"id":10,"name":"AV. AVELLANEDA 1825 Y DONATO ÁLVAREZ","tipo":"Analítica de video","tags":{"name":"AV. AVELLANEDA 1825 Y DONATO ÁLVAREZ","enforcement":"Analítica de video"},"type":"speed_camera"}},{"type":"Feature","id":11,"geometry":{"type":"Point","coordinates":[-58.503325,-34.587101]},"properties":{"id":11,"name":"AV. MOSCONI 3000 Y ARGERICH","tipo":"Analítica de video","tags":{"name":"AV. MOSCONI 3000 Y ARGERICH","enforcement":"Analítica de video"},"type":"speed_camera"}},{"type":"Feature","id":12,"geometry":{"type":"Point","coordinates":[-58.369575,-34.616722]},"properties":{"id":12,"name":"AV. PASEO COLON 753 E INDEPENDENCIA","tipo":"Analítica de video","tags":{"name":"AV. PASEO COLON 753 E INDEPENDENCIA","enforcement":"Analítica de video"},"type":"speed_camera"}},{"type":"Feature","id":13,"geometry":{"type":"Point","coordinates":[-58.405921,-34.637201]},"properties":{"id":13,"name":"AV. CASEROS 3020 Y LA RIOJA","tipo":"Analítica de video","tags":{"name":"AV. CASEROS 3020 Y LA RIOJA","enforcement":"Analítica de video"},"type":"speed_camera"}},{"type":"Feature","id":14,"geometry":{"type":"Point","coordinates":[-58.453816,-34.565534]},"properties":{"id":14,"name":"AV. CABILDO 1716 Y J. HERNÁNDEZ","tipo":"Analítica de video","tags":{"name":"AV. CABILDO 1716 Y J. HERNÁNDEZ","enforcement":"Analítica de video"},"type":"speed_camera"}},{"type":"Feature","id":15,"geometry":{"type":"Point","coordinates":[-58.459485,-34.613704]},"properties":{"id":15,"name":"AV. GAONA 2300 Y DONATO ÁLVAREZ","tipo":"Analítica de video","tags":{"name":"AV. GAONA 2300 Y DONATO ÁLVAREZ","enforcement":"Analítica de video"},"type":"speed_camera"}},{"type":"Feature","id":16,"geometry":{"type":"Point","coordinates":[-58.494126,-34.594775]},"properties":{"id":16,"name":"AV. FRANCISCO BEIRO 2875 Y AV. NAZCA","tipo":"Analítica de video","tags":{"name":"AV. FRANCISCO BEIRO 2875 Y AV. NAZCA","enforcement":"Analítica de video"},"type":"speed_camera"}},{"type":"Feature","id":17,"geometry":{"type":"Point","coordinates":[-58.408093,-34.604363]},"properties":{"id":17,"name":"AV. CORRIENTES 3022 Y ECUADOR","tipo":"Analítica de video","tags":{"name":"AV. CORRIENTES 3022 Y ECUADOR","enforcement":"Analítica de video"},"type":"speed_camera"}},{"type":"Feature","id":18,"geometry":{"type":"Point","coordinates":[-58.381969,-34.61167]},"properties":{"id":18,"name":"LIMA 281 Y MORENO","tipo":"Analítica de video","tags":{"name":"LIMA 281 Y MORENO","enforcement":"Analítica de video"},"type":"speed_camera"}},{"type":"Feature","id":19,"geometry":{"type":"Point","coordinates":[-58.460764,-34.689699]},"properties":{"id":19,"name":"AV. ROCA 5870 Y SOLDADO DE LA FRONTERA","tipo":"Analítica de video","tags":{"name":"AV. ROCA 5870 Y SOLDADO DE LA FRONTERA","enforcement":"Analítica de video"},"type":"speed_camera"}},{"type":"Feature","id":20,"geometry":{"type":"Point","coordinates":[-58.47185,-34.626596]},"properties":{"id":20,"name":"AV. AVELLANEDA 2924 Y NAZCA","tipo":"Analítica de video","tags":{"name":"AV. AVELLANEDA 2924 Y NAZCA","enforcement":"Analítica de video"},"type":"speed_camera"}},{"type":"Feature","id":21,"geometry":{"type":"Point","coordinates":[-58.391301,-34.61832]},"properties":{"id":21,"name":"AV. INDEPENDENCIA 1784 Y AV. ENTRE RÍOS","tipo":"Analítica de video","tags":{"name":"AV. INDEPENDENCIA 1784 Y AV. ENTRE RÍOS","enforcement":"Analítica de video"},"type":"speed_camera"}},{"type":"Feature","id":22,"geometry":{"type":"Point","coordinates":[-58.405723,-34.604368]},"properties":{"id":22,"name":"AV. CORRIENTES 2813 Y PUEYRREDÓN","tipo":"Analítica de video","tags":{"name":"AV. CORRIENTES 2813 Y PUEYRREDÓN","enforcement":"Analítica de video"},"type":"speed_camera"}},{"type":"Feature","id":23,"geometry":{"type":"Point","coordinates":[-58.459817,-34.578286]},"properties":{"id":23,"name":"AV. ÁLVAREZ THOMAS 1294 Y AV. ELCANO","tipo":"Analítica de video","tags":{"name":"AV. ÁLVAREZ THOMAS 1294 Y AV. ELCANO","enforcement":"Analítica de video"},"type":"speed_camera"}},{"type":"Feature","id":24,"geometry":{"type":"Point","coordinates":[-58.381896,-34.62196]},"properties":{"id":24,"name":"AV. SAN JUAN 1119 Y LIMA","tipo":"Analítica de video","tags":{"name":"AV. SAN JUAN 1119 Y LIMA","enforcement":"Analítica de video"},"type":"speed_camera"}},{"type":"Feature","id":25,"geometry":{"type":"Point","coordinates":[-58.426036,-34.578466]},"properties":{"id":25,"name":"AV. SANTA FE 4650 Y BULLRICH","tipo":"Analítica de video","tags":{"name":"AV. SANTA FE 4650 Y BULLRICH","enforcement":"Analítica de video"},"type":"speed_camera"}},{"type":"Feature","id":26,"geometry":{"type":"Point","coordinates":[-58.370665,-34.601603]},"properties":{"id":26,"name":"ALEM, LEANDRO N. AV. 518 Y LAVALLE","tipo":"Analítica de video","tags":{"name":"ALEM, LEANDRO N. AV. 518 Y LAVALLE","enforcement":"Analítica de video"},"type":"speed_camera"}},{"type":"Feature","id":27,"geometry":{"type":"Point","coordinates":[-58.382106,-34.626186]},"properties":{"id":27,"name":"LIMA 1524 OESTE Y PAVÓN","tipo":"Analítica de video","tags":{"name":"LIMA 1524 OESTE Y PAVÓN","enforcement":"Analítica de video"},"type":"speed_camera"}},{"type":"Feature","id":28,"geometry":{"type":"Point","coordinates":[-58.447969,-34.591586]},"properties":{"id":28,"name":"CORRIENTES AV. 6210 Y DORREGO AV.","tipo":"Analítica de video","tags":{"name":"CORRIENTES AV. 6210 Y DORREGO AV.","enforcement":"Analítica de video"},"type":"speed_camera"}},{"type":"Feature","id":29,"geometry":{"type":"Point","coordinates":[-58.375147,-34.59234]},"properties":{"id":29,"name":"RAMOS MEJIA, JOSE MARIA, DR. AV. 1304 Y DEL LIBERTADOR AV.","tipo":"Analítica de video","tags":{"name":"RAMOS MEJIA, JOSE MARIA, DR. AV. 1304 Y DEL LIBERTADOR AV.","enforcement":"Analítica de video"},"type":"speed_camera"}},{"type":"Feature","id":30,"geometry":{"type":"Point","coordinates":[-58.439087,-34.59987]},"properties":{"id":30,"name":"CORRIENTES AV. 5220 Y SCALABRINI ORTIZ, RAUL AV.","tipo":"Analítica de video","tags":{"name":"CORRIENTES AV. 5220 Y SCALABRINI ORTIZ, RAUL AV.","enforcement":"Analítica de video"},"type":"speed_camera"}},{"type":"Feature","id":31,"geometry":{"type":"Point","coordinates":[-58.474146,-34.541378]},"properties":{"id":31,"name":"CABILDO AV. 4718 Y DEHEZA","tipo":"Analítica de video","tags":{"name":"CABILDO AV. 4718 Y DEHEZA","enforcement":"Analítica de video"},"type":"speed_camera"}},{"type":"Feature","id":32,"geometry":{"type":"Point","coordinates":[-58.47002,-34.630946]},"properties":{"id":32,"name":"RIVADAVIA 7420 AV. Y NAZCA AV.","tipo":"Analítica de video","tags":{"name":"RIVADAVIA 7420 AV. Y NAZCA AV.","enforcement":"Analítica de video"},"type":"speed_camera"}},{"type":"Feature","id":33,"geometry":{"type":"Point","coordinates":[-58.396802,-34.587597]},"properties":{"id":33,"name":"LAS HERAS 2289 Y PUEYRREDON AV.","tipo":"Analítica de video","tags":{"name":"LAS HERAS 2289 Y PUEYRREDON AV.","enforcement":"Analítica de video"},"type":"speed_camera"}},{"type":"Feature","id":34,"geometry":{"type":"Point","coordinates":[-58.404006,-34.594142]},"properties":{"id":34,"name":"AV. SANTA FE 2622 Y ECUADOR","tipo":"Analítica de video","tags":{"name":"AV. SANTA FE 2622 Y ECUADOR","enforcement":"Analítica de video"},"type":"speed_camera"}},{"type":"Feature","id":35,"geometry":{"type":"Point","coordinates":[-58.411437,-34.615477]},"properties":{"id":35,"name":"BELGRANO AV. 3218 Y 24 DE NOVIEMBRE","tipo":"Analítica de video","tags":{"name":"BELGRANO AV. 3218 Y 24 DE NOVIEMBRE","enforcement":"Analítica de video"},"type":"speed_camera"}},{"type":"Feature","id":36,"geometry":{"type":"Point","coordinates":[-58.395679,-34.618509]},"properties":{"id":36,"name":"AV. INDEPENDENCIA 2086 Y RINCON","tipo":"Analítica de video","tags":{"name":"AV. INDEPENDENCIA 2086 Y RINCON","enforcement":"Analítica de video"},"type":"speed_camera"}},{"type":"Feature","id":37,"geometry":{"type":"Point","coordinates":[-58.405598,-34.609882]},"properties":{"id":37,"name":"RIVADAVIA AV. 2775 Y JUJUY AV.","tipo":"Analítica de video","tags":{"name":"RIVADAVIA AV. 2775 Y JUJUY AV.","enforcement":"Analítica de video"},"type":"speed_camera"}},{"type":"Feature","id":38,"geometry":{"type":"Point","coordinates":[-58.417222,-34.654764]},"properties":{"id":38,"name":"RABANAL, FRANCISCO, INTENDENTE AV. 1323 Y DEL BARCO CENTENERA","tipo":"Analítica de video","tags":{"name":"RABANAL, FRANCISCO, INTENDENTE AV. 1323 Y DEL BARCO CENTENERA","enforcement":"Analítica de video"},"type":"speed_camera"}},{"type":"Feature","id":39,"geometry":{"type":"Point","coordinates":[-58.370874,-34.61258]},"properties":{"id":39,"name":"BELGRANO 324 Y BALCARCE","tipo":"Analítica de video","tags":{"name":"BELGRANO 324 Y BALCARCE","enforcement":"Analítica de video"},"type":"speed_camera"}},{"type":"Feature","id":40,"geometry":{"type":"Point","coordinates":[-58.449781,-34.559082]},"properties":{"id":40,"name":"VIRREY VÉRTIZ 2010 Y ECHEVERRÍA","tipo":"Analítica de video","tags":{"name":"VIRREY VÉRTIZ 2010 Y ECHEVERRÍA","enforcement":"Analítica de video"},"type":"speed_camera"}},{"type":"Feature","id":41,"geometry":{"type":"Point","coordinates":[-58.368841,-34.612845]},"properties":{"id":41,"name":"PASEO COLÓN AV. 400 Y BELGRANO AV.","tipo":"Analítica de video","tags":{"name":"PASEO COLÓN AV. 400 Y BELGRANO AV.","enforcement":"Analítica de video"},"type":"speed_camera"}},{"type":"Feature","id":42,"geometry":{"type":"Point","coordinates":[-58.416149,-34.655025]},"properties":{"id":42,"name":"SÁENZ AV. 1230 Y BEAZLEY","tipo":"Analítica de video","tags":{"name":"SÁENZ AV. 1230 Y BEAZLEY","enforcement":"Analítica de video"},"type":"speed_camera"}},{"type":"Feature","id":43,"geometry":{"type":"Point","coordinates":[-58.456033,-34.560682]},"properties":{"id":43,"name":"VUELTA DE OBLIGADO 2179 Y MENDOZA","tipo":"Analítica de video","tags":{"name":"VUELTA DE OBLIGADO 2179 Y MENDOZA","enforcement":"Analítica de video"},"type":"speed_camera"}},{"type":"Feature","id":44,"geometry":{"type":"Point","coordinates":[-58.487199,-34.637672]},"properties":{"id":44,"name":"OLIVERA AV. 187 Y RAFAELA","tipo":"Analítica de video","tags":{"name":"OLIVERA AV. 187 Y RAFAELA","enforcement":"Analítica de video"},"type":"speed_camera"}},{"type":"Feature","id":45,"geometry":{"type":"Point","coordinates":[-58.390757,-34.629599]},"properties":{"id":45,"name":"ENTRE RÍOS AV 1818 Y BRASIL","tipo":"Analítica de video","tags":{"name":"ENTRE RÍOS AV 1818 Y BRASIL","enforcement":"Analítica de video"},"type":"speed_camera"}},{"type":"Feature","id":46,"geometry":{"type":"Point","coordinates":[-58.486064,-34.544196]},"properties":{"id":46,"name":"VEDIA 3438 Y SUPERI","tipo":"Analítica de video","tags":{"name":"VEDIA 3438 Y SUPERI","enforcement":"Analítica de video"},"type":"speed_camera"}},{"type":"Feature","id":47,"geometry":{"type":"Point","coordinates":[-58.390295,-34.627246]},"properties":{"id":47,"name":"GARAY JUAN DE AV. 1769 Y ENTRE RÍOS AV.","tipo":"Analítica de video","tags":{"name":"GARAY JUAN DE AV. 1769 Y ENTRE RÍOS AV.","enforcement":"Analítica de video"},"type":"speed_camera"}},{"type":"Feature","id":48,"geometry":{"type":"Point","coordinates":[-58.520585,-34.646041]},"properties":{"id":48,"name":"DE LA TORRE LISANDRO AV. 663 Y TONELERO","tipo":"Analítica de video","tags":{"name":"DE LA TORRE LISANDRO AV. 663 Y TONELERO","enforcement":"Analítica de video"},"type":"speed_camera"}},{"type":"Feature","id":49,"geometry":{"type":"Point","coordinates":[-58.37339,-34.646453]},"properties":{"id":49,"name":"MONTES DE OCA AV. 1685 Y CALIFORNIA","tipo":"Analítica de video","tags":{"name":"MONTES DE OCA AV. 1685 Y CALIFORNIA","enforcement":"Analítica de video"},"type":"speed_camera"}},{"type":"Feature","id":50,"geometry":{"type":"Point","coordinates":[-58.459097,-34.627858]},"properties":{"id":50,"name":"RIVADAVIA AV. 6626 Y GRANADEROS","tipo":"Analítica de video","tags":{"name":"RIVADAVIA AV. 6626 Y GRANADEROS","enforcement":"Analítica de video"},"type":"speed_camera"}},{"type":"Feature","id":51,"geometry":{"type":"Point","coordinates":[-58.499717,-34.637622]},"properties":{"id":51,"name":"RIVADAVIA AV. 9618 Y MANZONI","tipo":"Analítica de video","tags":{"name":"RIVADAVIA AV. 9618 Y MANZONI","enforcement":"Analítica de video"},"type":"speed_camera"}},{"type":"Feature","id":52,"geometry":{"type":"Point","coordinates":[-58.46633,-34.610298]},"properties":{"id":52,"name":"AV. JUAN B. JUSTO 4781 Y ANDRES LAMAS","tipo":"Analítica de video","tags":{"name":"AV. JUAN B. JUSTO 4781 Y ANDRES LAMAS","enforcement":"Analítica de video"},"type":"speed_camera"}},{"type":"Feature","id":53,"geometry":{"type":"Point","coordinates":[-58.44574,-34.559389]},"properties":{"id":53,"name":"DEL LIBERTADOR AV. 5722 Y LA PAMPA","tipo":"Analítica de video","tags":{"name":"DEL LIBERTADOR AV. 5722 Y LA PAMPA","enforcement":"Analítica de video"},"type":"speed_camera"}},{"type":"Feature","id":54,"geometry":{"type":"Point","coordinates":[-58.438518,-34.655538]},"properties":{"id":54,"name":"VARELA AV. 2779 Y FERNANDEZ DE LA CRUZ AV.","tipo":"Analítica de video","tags":{"name":"VARELA AV. 2779 Y FERNANDEZ DE LA CRUZ AV.","enforcement":"Analítica de video"},"type":"speed_camera"}},{"type":"Feature","id":55,"geometry":{"type":"Point","coordinates":[-58.454563,-34.605657]},"properties":{"id":55,"name":"SAN MARTÍN AV. 1844 Y TRES ARROYOS","tipo":"Analítica de video","tags":{"name":"SAN MARTÍN AV. 1844 Y TRES ARROYOS","enforcement":"Analítica de video"},"type":"speed_camera"}},{"type":"Feature","id":56,"geometry":{"type":"Point","coordinates":[-58.389474,-34.605491]},"properties":{"id":56,"name":"MONTEVIDEO 300 ENTRE PERÓN Y SARMIENTO","tipo":"Analítica de video","tags":{"name":"MONTEVIDEO 300 ENTRE PERÓN Y SARMIENTO","enforcement":"Analítica de video"},"type":"speed_camera"}},{"type":"Feature","id":57,"geometry":{"type":"Point","coordinates":[-58.422001,-34.597584]},"properties":{"id":57,"name":"AV. CÓRDOBA 3907 ENTRE GASCÓN Y A. FIGUEROA","tipo":"Analítica de video","tags":{"name":"AV. CÓRDOBA 3907 ENTRE GASCÓN Y A. FIGUEROA","enforcement":"Analítica de video"},"type":"speed_camera"}},{"type":"Feature","id":58,"geometry":{"type":"Point","coordinates":[-58.404226,-34.60491]},"properties":{"id":58,"name":"AV. CORRIENTES 2676 Y CASTELLI","tipo":"Analítica de video","tags":{"name":"AV. CORRIENTES 2676 Y CASTELLI","enforcement":"Analítica de video"},"type":"speed_camera"}},{"type":"Feature","id":59,"geometry":{"type":"Point","coordinates":[-58.433923,-34.587623]},"properties":{"id":59,"name":"GORRITI 5300 ENTRE GODOY CRUZ Y URIARTE","tipo":"Analítica de video","tags":{"name":"GORRITI 5300 ENTRE GODOY CRUZ Y URIARTE","enforcement":"Analítica de video"},"type":"speed_camera"}},{"type":"Feature","id":60,"geometry":{"type":"Point","coordinates":[-58.443551,-34.595692]},"properties":{"id":60,"name":"AV. CORRIENTES 5694 ENTRE SERRANO Y THAMES","tipo":"Analítica de video","tags":{"name":"AV. CORRIENTES 5694 ENTRE SERRANO Y THAMES","enforcement":"Analítica de video"},"type":"speed_camera"}},{"type":"Feature","id":61,"geometry":{"type":"Point","coordinates":[-58.464171,-34.570379]},"properties":{"id":61,"name":"SUPERI 1803 Y LA PAMPA","tipo":"Analítica de video","tags":{"name":"SUPERI 1803 Y LA PAMPA","enforcement":"Analítica de video"},"type":"speed_camera"}},{"type":"Feature","id":62,"geometry":{"type":"Point","coordinates":[-58.416078,-34.60685]},"properties":{"id":62,"name":"BILLINGHURST 301 ENTRE PERÓN Y SARMIENTO","tipo":"Analítica de video","tags":{"name":"BILLINGHURST 301 ENTRE PERÓN Y SARMIENTO","enforcement":"Analítica de video"},"type":"speed_camera"}},{"type":"Feature","id":63,"geometry":{"type":"Point","coordinates":[-58.462747,-34.632804]},"properties":{"id":63,"name":"BONIFACIO 2501 ENTRE CULPINA Y VARELA","tipo":"Analítica de video","tags":{"name":"BONIFACIO 2501 ENTRE CULPINA Y VARELA","enforcement":"Analítica de video"},"type":"speed_camera"}},{"type":"Feature","id":64,"geometry":{"type":"Point","coordinates":[-58.500498,-34.649975]},"properties":{"id":64,"name":"POLA 1205 ENTRE AV. J.B.ALBERDI Y BRAGADO","tipo":"Analítica de video","tags":{"name":"POLA 1205 ENTRE AV. J.B.ALBERDI Y BRAGADO","enforcement":"Analítica de video"},"type":"speed_camera"}},{"type":"Feature","id":65,"geometry":{"type":"Point","coordinates":[-58.423261,-34.625019]},"properties":{"id":65,"name":"33 ORIENTALES 903 ENTRE CARLOS CALVO Y EEUU","tipo":"Analítica de video","tags":{"name":"33 ORIENTALES 903 ENTRE CARLOS CALVO Y EEUU","enforcement":"Analítica de video"},"type":"speed_camera"}},{"type":"Feature","id":66,"geometry":{"type":"Point","coordinates":[-58.478771,-34.614371]},"properties":{"id":66,"name":"CESAR DÍAZ 2898 ENTRE AV. NAZCA Y TERRADA","tipo":"Analítica de video","tags":{"name":"CESAR DÍAZ 2898 ENTRE AV. NAZCA Y TERRADA","enforcement":"Analítica de video"},"type":"speed_camera"}},{"type":"Feature","id":67,"geometry":{"type":"Point","coordinates":[-58.396973,-34.620659]},"properties":{"id":67,"name":"CARLOS CALVO 2195 Y PASCO","tipo":"Analítica de video","tags":{"name":"CARLOS CALVO 2195 Y PASCO","enforcement":"Analítica de video"},"type":"speed_camera"}},{"type":"Feature","id":68,"geometry":{"type":"Point","coordinates":[-58.475799,-34.577348]},"properties":{"id":68,"name":"LA PAMPA 4704 ENTRE ÁLVAREZ THOMAS Y COMBATIENTES DE MALVINAS","tipo":"Analítica de video","tags":{"name":"LA PAMPA 4704 ENTRE ÁLVAREZ THOMAS Y COMBATIENTES DE MALVINAS","enforcement":"Analítica de video"},"type":"speed_camera"}},{"type":"Feature","id":69,"geometry":{"type":"Point","coordinates":[-58.496832,-34.573406]},"properties":{"id":69,"name":"CERETTI 2997 Y AV. CONGRESO - TOMÁS A. LE BRETÓN","tipo":"Analítica de video","tags":{"name":"CERETTI 2997 Y AV. CONGRESO - TOMÁS A. LE BRETÓN","enforcement":"Analítica de video"},"type":"speed_camera"}},{"type":"Feature","id":70,"geometry":{"type":"Point","coordinates":[-58.459456,-34.562029]},"properties":{"id":70,"name":"AMENABAR 2209 Y AV. OLAZABAL - AV. MENDOZA","tipo":"Analítica de video","tags":{"name":"AMENABAR 2209 Y AV. OLAZABAL - AV. MENDOZA","enforcement":"Analítica de video"},"type":"speed_camera"}},{"type":"Feature","id":71,"geometry":{"type":"Point","coordinates":[-58.440491,-34.631803]},"properties":{"id":71,"name":"AU 25 DE MAYO - SENTIDO PROVINCIA - PK 2+700","tipo":"Analítica de video","tags":{"name":"AU 25 DE MAYO - SENTIDO PROVINCIA - PK 2+700","enforcement":"Analítica de video"},"type":"speed_camera"}},{"type":"Feature","id":72,"geometry":{"type":"Point","coordinates":[-58.454441,-34.637147]},"properties":{"id":72,"name":"AU 25 DE MAYO - SENTIDO PROVINCIA - PK 1+260","tipo":"Analítica de video","tags":{"name":"AU 25 DE MAYO - SENTIDO PROVINCIA - PK 1+260","enforcement":"Analítica de video"},"type":"speed_camera"}},{"type":"Feature","id":73,"geometry":{"type":"Point","coordinates":[-58.491296,-34.641783]},"properties":{"id":73,"name":"AU PERITO MORENO - SENTIDO CENTRO KM 3+900","tipo":"Analítica de video","tags":{"name":"AU PERITO MORENO - SENTIDO CENTRO KM 3+900","enforcement":"Analítica de video"},"type":"speed_camera"}},{"type":"Feature","id":74,"geometry":{"type":"Point","coordinates":[-58.521425,-34.636788]},"properties":{"id":74,"name":"AU PERITO MORENO - SENTIDO PROVINCIA - PK 0+700","tipo":"Analítica de video","tags":{"name":"AU PERITO MORENO - SENTIDO PROVINCIA - PK 0+700","enforcement":"Analítica de video"},"type":"speed_camera"}},{"type":"Feature","id":75,"geometry":{"type":"Point","coordinates":[-58.402206,-34.626102]},"properties":{"id":75,"name":"AU 25 DE MAYO - SENTIDO CENTRO - PK 6+300","tipo":"Analítica de video","tags":{"name":"AU 25 DE MAYO - SENTIDO CENTRO - PK 6+300","enforcement":"Analítica de video"},"type":"speed_camera"}},{"type":"Feature","id":76,"geometry":{"type":"Point","coordinates":[-58.393118,-34.598937]},"properties":{"id":76,"name":"CALLAO AV. 858 Y PARAGUAY","tipo":"Analítica de video","tags":{"name":"CALLAO AV. 858 Y PARAGUAY","enforcement":"Analítica de video"},"type":"speed_camera"}},{"type":"Feature","id":77,"geometry":{"type":"Point","coordinates":[-58.380434,-34.626015]},"properties":{"id":77,"name":"LIMA ESTE Y JUAN DE GARAY AV.","tipo":"Analítica de video","tags":{"name":"LIMA ESTE Y JUAN DE GARAY AV.","enforcement":"Analítica de video"},"type":"speed_camera"}},{"type":"Feature","id":78,"geometry":{"type":"Point","coordinates":[-58.40648,-34.607449]},"properties":{"id":78,"name":"PUEYRREDON AV. 214 Y PERÓN","tipo":"Analítica de video","tags":{"name":"PUEYRREDON AV. 214 Y PERÓN","enforcement":"Analítica de video"},"type":"speed_camera"}},{"type":"Feature","id":79,"geometry":{"type":"Point","coordinates":[-58.381532,-34.624223]},"properties":{"id":79,"name":"LIMA 1365 Y CONSTITUCIÓN","tipo":"Analítica de video","tags":{"name":"LIMA 1365 Y CONSTITUCIÓN","enforcement":"Analítica de video"},"type":"speed_camera"}},{"type":"Feature","id":80,"geometry":{"type":"Point","coordinates":[-58.395044,-34.600085]},"properties":{"id":80,"name":"CÓRDOBA AV. 1980 Y AYACUCHO","tipo":"Analítica de video","tags":{"name":"CÓRDOBA AV. 1980 Y AYACUCHO","enforcement":"Analítica de video"},"type":"speed_camera"}},{"type":"Feature","id":81,"geometry":{"type":"Point","coordinates":[-58.391557,-34.613006]},"properties":{"id":81,"name":"ENTRE RÍOS AV. 326 Y MORENO","tipo":"Analítica de video","tags":{"name":"ENTRE RÍOS AV. 326 Y MORENO","enforcement":"Analítica de video"},"type":"speed_camera"}},{"type":"Feature","id":82,"geometry":{"type":"Point","coordinates":[-58.441102,-34.619908]},"properties":{"id":82,"name":"RIVADAVIA AV. 5353 Y BARCO CENTENERA DEL","tipo":"Analítica de video","tags":{"name":"RIVADAVIA AV. 5353 Y BARCO CENTENERA DEL","enforcement":"Analítica de video"},"type":"speed_camera"}},{"type":"Feature","id":83,"geometry":{"type":"Point","coordinates":[-58.467136,-34.630363]},"properties":{"id":83,"name":"RIVADAVIA AV. 7218 Y CULPINA/CONDARCO","tipo":"Analítica de video","tags":{"name":"RIVADAVIA AV. 7218 Y CULPINA/CONDARCO","enforcement":"Analítica de video"},"type":"speed_camera"}},{"type":"Feature","id":84,"geometry":{"type":"Point","coordinates":[-58.373755,-34.638414]},"properties":{"id":84,"name":"SUAREZ 1635 Y ISABEL LA CATOLICA","tipo":"Analítica de video","tags":{"name":"SUAREZ 1635 Y ISABEL LA CATOLICA","enforcement":"Analítica de video"},"type":"speed_camera"}},{"type":"Feature","id":85,"geometry":{"type":"Point","coordinates":[-58.455226,-34.586752]},"properties":{"id":85,"name":"LACROZE, FEDERICO AV. 4199 Y CORRIENTES AV.","tipo":"Analítica de video","tags":{"name":"LACROZE, FEDERICO AV. 4199 Y CORRIENTES AV.","enforcement":"Analítica de video"},"type":"speed_camera"}},{"type":"Feature","id":86,"geometry":{"type":"Point","coordinates":[-58.454375,-34.584941]},"properties":{"id":86,"name":"FOREST AV. 634 Y LACROZE, FEDERICO AV.","tipo":"Analítica de video","tags":{"name":"FOREST AV. 634 Y LACROZE, FEDERICO AV.","enforcement":"Analítica de video"},"type":"speed_camera"}},{"type":"Feature","id":87,"geometry":{"type":"Point","coordinates":[-58.445355,-34.571163]},"properties":{"id":87,"name":"LACROZE, FEDERICO AV. 2462 Y ZAPATA","tipo":"Analítica de video","tags":{"name":"LACROZE, FEDERICO AV. 2462 Y ZAPATA","enforcement":"Analítica de video"},"type":"speed_camera"}},{"type":"Feature","id":88,"geometry":{"type":"Point","coordinates":[-58.40442,-34.607505]},"properties":{"id":88,"name":"PERÓN 2687 Y CASTELLI","tipo":"Analítica de video","tags":{"name":"PERÓN 2687 Y CASTELLI","enforcement":"Analítica de video"},"type":"speed_camera"}},{"type":"Feature","id":89,"geometry":{"type":"Point","coordinates":[-58.40216,-34.603716]},"properties":{"id":89,"name":"LARREA 477 Y LAVALLE","tipo":"Analítica de video","tags":{"name":"LARREA 477 Y LAVALLE","enforcement":"Analítica de video"},"type":"speed_camera"}},{"type":"Feature","id":90,"geometry":{"type":"Point","coordinates":[-58.402376,-34.59411]},"properties":{"id":90,"name":"PUEYRREDON 1418 AV. 1418 Y SANTA FE AV.","tipo":"Analítica de video","tags":{"name":"PUEYRREDON 1418 AV. 1418 Y SANTA FE AV.","enforcement":"Analítica de video"},"type":"speed_camera"}},{"type":"Feature","id":91,"geometry":{"type":"Point","coordinates":[-58.391239,-34.590995]},"properties":{"id":91,"name":"CALLAO AV. 1588 Y LOPEZ, VICENTE","tipo":"Analítica de video","tags":{"name":"CALLAO AV. 1588 Y LOPEZ, VICENTE","enforcement":"Analítica de video"},"type":"speed_camera"}},{"type":"Feature","id":92,"geometry":{"type":"Point","coordinates":[-58.471275,-34.626703]},"properties":{"id":92,"name":"NAZCA 479 Y AVELLANEDA","tipo":"Analítica de video","tags":{"name":"NAZCA 479 Y AVELLANEDA","enforcement":"Analítica de video"},"type":"speed_camera"}},{"type":"Feature","id":93,"geometry":{"type":"Point","coordinates":[-58.416313,-34.62503]},"properties":{"id":93,"name":"BOEDO AV. 965 Y AV. SAN JUAN","tipo":"Analítica de video","tags":{"name":"BOEDO AV. 965 Y AV. SAN JUAN","enforcement":"Analítica de video"},"type":"speed_camera"}},{"type":"Feature","id":94,"geometry":{"type":"Point","coordinates":[-58.427019,-34.592414]},"properties":{"id":94,"name":"SCALABRINI ORTIZ AV. 1385 Y GORRITI","tipo":"Analítica de video","tags":{"name":"SCALABRINI ORTIZ AV. 1385 Y GORRITI","enforcement":"Analítica de video"},"type":"speed_camera"}},{"type":"Feature","id":95,"geometry":{"type":"Point","coordinates":[-58.484835,-34.575487]},"properties":{"id":95,"name":"TRIUNVIRATO AV. 4520 Y OLAZABAL AV.","tipo":"Analítica de video","tags":{"name":"TRIUNVIRATO AV. 4520 Y OLAZABAL AV.","enforcement":"Analítica de video"},"type":"speed_camera"}},{"type":"Feature","id":96,"geometry":{"type":"Point","coordinates":[-58.43205,-34.637517]},"properties":{"id":96,"name":"AV. JOSE MARÍA MORENO - 1657","tipo":"Cinemómetro","tags":{"name":"AV. JOSE MARÍA MORENO - 1657","enforcement":"Cinemómetro"},"type":"speed_camera"}},{"type":"Feature","id":97,"geometry":{"type":"Point","coordinates":[-58.479359,-34.677815]},"properties":{"id":97,"name":"AU. DELLEPIANE - KM 1.15","tipo":"Cinemómetro","tags":{"name":"AU. DELLEPIANE - KM 1.15","enforcement":"Cinemómetro"},"type":"speed_camera"}},{"type":"Feature","id":98,"geometry":{"type":"Point","coordinates":[-58.379774,-34.62278]},"properties":{"id":98,"name":"AU. 25 DE MAYO - KM 8.4","tipo":"Cinemómetro","tags":{"name":"AU. 25 DE MAYO - KM 8.4","enforcement":"Cinemómetro"},"type":"speed_camera"}},{"type":"Feature","id":99,"geometry":{"type":"Point","coordinates":[-58.374735,-34.647174]},"properties":{"id":99,"name":"AU. ARTURO FRONDIZI - KM 0.5","tipo":"Cinemómetro","tags":{"name":"AU. ARTURO FRONDIZI - KM 0.5","enforcement":"Cinemómetro"},"type":"speed_camera"}},{"type":"Feature","id":100,"geometry":{"type":"Point","coordinates":[-58.37771,-34.634808]},"properties":{"id":100,"name":"AU. ARTURO FRONDIZI - KM 2.0","tipo":"Cinemómetro","tags":{"name":"AU. ARTURO FRONDIZI - KM 2.0","enforcement":"Cinemómetro"},"type":"speed_camera"}},{"type":"Feature","id":101,"geometry":{"type":"Point","coordinates":[-58.428843,-34.558211]},"properties":{"id":101,"name":"AV. FIGUEROA ALCORTA - 6184","tipo":"Cinemómetro","tags":{"name":"AV. FIGUEROA ALCORTA - 6184","enforcement":"Cinemómetro"},"type":"speed_camera"}},{"type":"Feature","id":102,"geometry":{"type":"Point","coordinates":[-58.448972,-34.541997]},"properties":{"id":102,"name":"AU. INTENDENTE CANTILO - KM 8.7","tipo":"Cinemómetro","tags":{"name":"AU. INTENDENTE CANTILO - KM 8.7","enforcement":"Cinemómetro"},"type":"speed_camera"}},{"type":"Feature","id":103,"geometry":{"type":"Point","coordinates":[-58.448972,-34.541997]},"properties":{"id":103,"name":"AU. INTENDENTE CANTILO - KM 8.7","tipo":"Cinemómetro","tags":{"name":"AU. INTENDENTE CANTILO - KM 8.7","enforcement":"Cinemómetro"},"type":"speed_camera"}},{"type":"Feature","id":104,"geometry":{"type":"Point","coordinates":[-58.474628,-34.667847]},"properties":{"id":104,"name":"AU. DELLEPIANE - KM 2.3","tipo":"Cinemómetro","tags":{"name":"AU. DELLEPIANE - KM 2.3","enforcement":"Cinemómetro"},"type":"speed_camera"}},{"type":"Feature","id":105,"geometry":{"type":"Point","coordinates":[-58.428523,-34.598505]},"properties":{"id":105,"name":"AV. ESTADO DE ISRAEL - 4488","tipo":"Cinemómetro","tags":{"name":"AV. ESTADO DE ISRAEL - 4488","enforcement":"Cinemómetro"},"type":"speed_camera"}},{"type":"Feature","id":106,"geometry":{"type":"Point","coordinates":[-58.39362,-34.627578]},"properties":{"id":106,"name":"AV. JUAN DE GARAY - 2046","tipo":"Cinemómetro","tags":{"name":"AV. JUAN DE GARAY - 2046","enforcement":"Cinemómetro"},"type":"speed_camera"}},{"type":"Feature","id":107,"geometry":{"type":"Point","coordinates":[-58.448878,-34.635796]},"properties":{"id":107,"name":"AV. EVA PERÓN - 1825","tipo":"Cinemómetro","tags":{"name":"AV. EVA PERÓN - 1825","enforcement":"Cinemómetro"},"type":"speed_camera"}},{"type":"Feature","id":108,"geometry":{"type":"Point","coordinates":[-58.509924,-34.649256]},"properties":{"id":108,"name":"AV. EMILIO CASTRO - 6281","tipo":"Cinemómetro","tags":{"name":"AV. EMILIO CASTRO - 6281","enforcement":"Cinemómetro"},"type":"speed_camera"}},{"type":"Feature","id":109,"geometry":{"type":"Point","coordinates":[-58.449202,-34.542608]},"properties":{"id":109,"name":"AU. LEOPOLDO LUGONES - KM 8.7","tipo":"Cinemómetro","tags":{"name":"AU. LEOPOLDO LUGONES - KM 8.7","enforcement":"Cinemómetro"},"type":"speed_camera"}},{"type":"Feature","id":110,"geometry":{"type":"Point","coordinates":[-58.479048,-34.677866]},"properties":{"id":110,"name":"AU. DELLEPIANE - KM 1.15","tipo":"Cinemómetro","tags":{"name":"AU. DELLEPIANE - KM 1.15","enforcement":"Cinemómetro"},"type":"speed_camera"}},{"type":"Feature","id":111,"geometry":{"type":"Point","coordinates":[-58.438831,-34.548313]},"properties":{"id":111,"name":"AU. LEOPOLDO LUGONES - KM 7.6","tipo":"Cinemómetro","tags":{"name":"AU. LEOPOLDO LUGONES - KM 7.6","enforcement":"Cinemómetro"},"type":"speed_camera"}},{"type":"Feature","id":112,"geometry":{"type":"Point","coordinates":[-58.487918,-34.646741]},"properties":{"id":112,"name":"AV. BRUIX - 4495","tipo":"Cinemómetro","tags":{"name":"AV. BRUIX - 4495","enforcement":"Cinemómetro"},"type":"speed_camera"}},{"type":"Feature","id":113,"geometry":{"type":"Point","coordinates":[-58.481786,-34.642733]},"properties":{"id":113,"name":"AV. DIRECTORIO - 4155","tipo":"Cinemómetro","tags":{"name":"AV. DIRECTORIO - 4155","enforcement":"Cinemómetro"},"type":"speed_camera"}},{"type":"Feature","id":114,"geometry":{"type":"Point","coordinates":[-58.479359,-34.677815]},"properties":{"id":114,"name":"AU. DELLEPIANE - KM 1.15","tipo":"Cinemómetro","tags":{"name":"AU. DELLEPIANE - KM 1.15","enforcement":"Cinemómetro"},"type":"speed_camera"}},{"type":"Feature","id":115,"geometry":{"type":"Point","coordinates":[-58.521342,-34.624617]},"properties":{"id":115,"name":"CALLE IRIGOYEN - 1761","tipo":"Cinemómetro","tags":{"name":"CALLE IRIGOYEN - 1761","enforcement":"Cinemómetro"},"type":"speed_camera"}},{"type":"Feature","id":116,"geometry":{"type":"Point","coordinates":[-58.492214,-34.560784]},"properties":{"id":116,"name":"CALLE GALVÁN - 3640","tipo":"Cinemómetro","tags":{"name":"CALLE GALVÁN - 3640","enforcement":"Cinemómetro"},"type":"speed_camera"}},{"type":"Feature","id":117,"geometry":{"type":"Point","coordinates":[-58.456327,-34.698835]},"properties":{"id":117,"name":"AV. 27 DE FEBRERO - 10500","tipo":"Cinemómetro","tags":{"name":"AV. 27 DE FEBRERO - 10500","enforcement":"Cinemómetro"},"type":"speed_camera"}},{"type":"Feature","id":118,"geometry":{"type":"Point","coordinates":[-58.456327,-34.698835]},"properties":{"id":118,"name":"AV. 27 DE FEBRERO - 10500","tipo":"Cinemómetro","tags":{"name":"AV. 27 DE FEBRERO - 10500","enforcement":"Cinemómetro"},"type":"speed_camera"}},{"type":"Feature","id":119,"geometry":{"type":"Point","coordinates":[-58.381579,-34.582714]},"properties":{"id":119,"name":"AU. ARTURO HUMBERTO ILLIA - KM 1.2","tipo":"Cinemómetro","tags":{"name":"AU. ARTURO HUMBERTO ILLIA - KM 1.2","enforcement":"Cinemómetro"},"type":"speed_camera"}},{"type":"Feature","id":120,"geometry":{"type":"Point","coordinates":[-58.407185,-34.567341]},"properties":{"id":120,"name":"AU. ARTURO HUMBERTO ILLIA - KM 3.9","tipo":"Cinemómetro","tags":{"name":"AU. ARTURO HUMBERTO ILLIA - KM 3.9","enforcement":"Cinemómetro"},"type":"speed_camera"}},{"type":"Feature","id":121,"geometry":{"type":"Point","coordinates":[-58.407185,-34.567341]},"properties":{"id":121,"name":"AU. ARTURO HUMBERTO ILLIA - KM 3.9","tipo":"Cinemómetro","tags":{"name":"AU. ARTURO HUMBERTO ILLIA - KM 3.9","enforcement":"Cinemómetro"},"type":"speed_camera"}},{"type":"Feature","id":122,"geometry":{"type":"Point","coordinates":[-58.486354,-34.645308]},"properties":{"id":122,"name":"AU. PERITO MORENO - KM 4.5","tipo":"Cinemómetro","tags":{"name":"AU. PERITO MORENO - KM 4.5","enforcement":"Cinemómetro"},"type":"speed_camera"}},{"type":"Feature","id":123,"geometry":{"type":"Point","coordinates":[-58.486354,-34.645308]},"properties":{"id":123,"name":"AU. PERITO MORENO - KM 4.5","tipo":"Cinemómetro","tags":{"name":"AU. PERITO MORENO - KM 4.5","enforcement":"Cinemómetro"},"type":"speed_camera"}},{"type":"Feature","id":124,"geometry":{"type":"Point","coordinates":[-58.379774,-34.62278]},"properties":{"id":124,"name":"AU. 25 DE MAYO - KM 8.4","tipo":"Cinemómetro","tags":{"name":"AU. 25 DE MAYO - KM 8.4","enforcement":"Cinemómetro"},"type":"speed_camera"}},{"type":"Feature","id":125,"geometry":{"type":"Point","coordinates":[-58.381472,-34.582546]},"properties":{"id":125,"name":"AU. ARTURO HUMBERTO ILLIA - KM 1.2","tipo":"Cinemómetro","tags":{"name":"AU. ARTURO HUMBERTO ILLIA - KM 1.2","enforcement":"Cinemómetro"},"type":"speed_camera"}},{"type":"Feature","id":126,"geometry":{"type":"Point","coordinates":[-58.374735,-34.647174]},"properties":{"id":126,"name":"AU. FRONDIZI - KM 0.5","tipo":"Cinemómetro","tags":{"name":"AU. FRONDIZI - KM 0.5","enforcement":"Cinemómetro"},"type":"speed_camera"}},{"type":"Feature","id":127,"geometry":{"type":"Point","coordinates":[-58.41608,-34.56825]},"properties":{"id":127,"name":"AV. FIGUEROA ALCORTA - 4740","tipo":"Cinemómetro","tags":{"name":"AV. FIGUEROA ALCORTA - 4740","enforcement":"Cinemómetro"},"type":"speed_camera"}},{"type":"Feature","id":128,"geometry":{"type":"Point","coordinates":[-58.515007,-34.639139]},"properties":{"id":128,"name":"AV. RIVADAVIA - 10741","tipo":"Cinemómetro","tags":{"name":"AV. RIVADAVIA - 10741","enforcement":"Cinemómetro"},"type":"speed_camera"}},{"type":"Feature","id":129,"geometry":{"type":"Point","coordinates":[-58.440355,-34.562421]},"properties":{"id":129,"name":"AV. DEL LIBERTADOR - 5275","tipo":"Cinemómetro","tags":{"name":"AV. DEL LIBERTADOR - 5275","enforcement":"Cinemómetro"},"type":"speed_camera"}},{"type":"Feature","id":130,"geometry":{"type":"Point","coordinates":[-58.379715,-34.622886]},"properties":{"id":130,"name":"AU. 25 DE MAYO - KM 8.4","tipo":"Cinemómetro","tags":{"name":"AU. 25 DE MAYO - KM 8.4","enforcement":"Cinemómetro"},"type":"speed_camera"}},{"type":"Feature","id":131,"geometry":{"type":"Point","coordinates":[-58.503966,-34.587261]},"properties":{"id":131,"name":"AV. GRAL. MOSCONI - 3043","tipo":"Cinemómetro","tags":{"name":"AV. GRAL. MOSCONI - 3043","enforcement":"Cinemómetro"},"type":"speed_camera"}},{"type":"Feature","id":132,"geometry":{"type":"Point","coordinates":[-58.410626,-34.57011]},"properties":{"id":132,"name":"AV. SARMIENTO - 4290","tipo":"Cinemómetro","tags":{"name":"AV. SARMIENTO - 4290","enforcement":"Cinemómetro"},"type":"speed_camera"}},{"type":"Feature","id":133,"geometry":{"type":"Point","coordinates":[-58.400497,-34.62351]},"properties":{"id":133,"name":"AV. SAN JUAN - 2507","tipo":"Cinemómetro","tags":{"name":"AV. SAN JUAN - 2507","enforcement":"Cinemómetro"},"type":"speed_camera"}},{"type":"Feature","id":134,"geometry":{"type":"Point","coordinates":[-58.512419,-34.634205]},"properties":{"id":134,"name":"AV. JUAN B","tipo":"Cinemómetro","tags":{"name":"AV. JUAN B","enforcement":"Cinemómetro"},"type":"speed_camera"}},{"type":"Feature","id":135,"geometry":{"type":"Point","coordinates":[-58.403085,-34.618768]},"properties":{"id":135,"name":"AV. INDEPENDENCIA - 2660","tipo":"Cinemómetro","tags":{"name":"AV. INDEPENDENCIA - 2660","enforcement":"Cinemómetro"},"type":"speed_camera"}},{"type":"Feature","id":136,"geometry":{"type":"Point","coordinates":[-58.49607,-34.560037]},"properties":{"id":136,"name":"AV. TRIUNVIRATO - 6300","tipo":"Cinemómetro","tags":{"name":"AV. TRIUNVIRATO - 6300","enforcement":"Cinemómetro"},"type":"speed_camera"}},{"type":"Feature","id":137,"geometry":{"type":"Point","coordinates":[-58.403072,-34.623819]},"properties":{"id":137,"name":"AV. SAN JUAN - 2735","tipo":"Cinemómetro","tags":{"name":"AV. SAN JUAN - 2735","enforcement":"Cinemómetro"},"type":"speed_camera"}},{"type":"Feature","id":138,"geometry":{"type":"Point","coordinates":[-58.413742,-34.615279]},"properties":{"id":138,"name":"AV. BELGRANO - 3349","tipo":"Cinemómetro","tags":{"name":"AV. BELGRANO - 3349","enforcement":"Cinemómetro"},"type":"speed_camera"}},{"type":"Feature","id":139,"geometry":{"type":"Point","coordinates":[-58.428843,-34.558211]},"properties":{"id":139,"name":"AV. FIGUEROA ALCORTA - 6180","tipo":"Cinemómetro","tags":{"name":"AV. FIGUEROA ALCORTA - 6180","enforcement":"Cinemómetro"},"type":"speed_camera"}},{"type":"Feature","id":140,"geometry":{"type":"Point","coordinates":[-58.484752,-34.646162]},"properties":{"id":140,"name":"AU. PERITO MORENO - KM 4.8","tipo":"Cinemómetro","tags":{"name":"AU. PERITO MORENO - KM 4.8","enforcement":"Cinemómetro"},"type":"speed_camera"}},{"type":"Feature","id":141,"geometry":{"type":"Point","coordinates":[-58.484752,-34.646162]},"properties":{"id":141,"name":"AU. PERITO MORENO - KM 4.8","tipo":"Cinemómetro","tags":{"name":"AU. PERITO MORENO - KM 4.8","enforcement":"Cinemómetro"},"type":"speed_camera"}},{"type":"Feature","id":142,"geometry":{"type":"Point","coordinates":[-58.499819,-34.635783]},"properties":{"id":142,"name":"AU. PERITO MORENO - KM 2.9","tipo":"Cinemómetro","tags":{"name":"AU. PERITO MORENO - KM 2.9","enforcement":"Cinemómetro"},"type":"speed_camera"}},{"type":"Feature","id":143,"geometry":{"type":"Point","coordinates":[-58.499819,-34.635783]},"properties":{"id":143,"name":"AU. PERITO MORENO - KM 2.9","tipo":"Cinemómetro","tags":{"name":"AU. PERITO MORENO - KM 2.9","enforcement":"Cinemómetro"},"type":"speed_camera"}},{"type":"Feature","id":144,"geometry":{"type":"Point","coordinates":[-58.37771,-34.634808]},"properties":{"id":144,"name":"AU. ARTURO FRONDIZI - KM 2.0","tipo":"Cinemómetro","tags":{"name":"AU. ARTURO FRONDIZI - KM 2.0","enforcement":"Cinemómetro"},"type":"speed_camera"}},{"type":"Feature","id":145,"geometry":{"type":"Point","coordinates":[-58.448972,-34.541997]},"properties":{"id":145,"name":"AU. INTENDENTE CANTILO - KM 8.7","tipo":"Cinemómetro","tags":{"name":"AU. INTENDENTE CANTILO - KM 8.7","enforcement":"Cinemómetro"},"type":"speed_camera"}},{"type":"Feature","id":146,"geometry":{"type":"Point","coordinates":[-58.474628,-34.667847]},"properties":{"id":146,"name":"AU. DELLEPIANE - KM 2.3","tipo":"Cinemómetro","tags":{"name":"AU. DELLEPIANE - KM 2.3","enforcement":"Cinemómetro"},"type":"speed_camera"}},{"type":"Feature","id":147,"geometry":{"type":"Point","coordinates":[-58.428523,-34.598505]},"properties":{"id":147,"name":"AV. ESTADO DE ISRAEL - 4496","tipo":"Cinemómetro","tags":{"name":"AV. ESTADO DE ISRAEL - 4496","enforcement":"Cinemómetro"},"type":"speed_camera"}},{"type":"Feature","id":148,"geometry":{"type":"Point","coordinates":[-58.39362,-34.627578]},"properties":{"id":148,"name":"AV. JUAN DE GARAY - 2030","tipo":"Cinemómetro","tags":{"name":"AV. JUAN DE GARAY - 2030","enforcement":"Cinemómetro"},"type":"speed_camera"}},{"type":"Feature","id":149,"geometry":{"type":"Point","coordinates":[-58.467221,-34.635933]},"properties":{"id":149,"name":"AV. SAN PEDRITO - 418","tipo":"Cinemómetro","tags":{"name":"AV. SAN PEDRITO - 418","enforcement":"Cinemómetro"},"type":"speed_camera"}},{"type":"Feature","id":150,"geometry":{"type":"Point","coordinates":[-58.400724,-34.631125]},"properties":{"id":150,"name":"AV. JUJUY - 1794","tipo":"Cinemómetro","tags":{"name":"AV. JUJUY - 1794","enforcement":"Cinemómetro"},"type":"speed_camera"}},{"type":"Feature","id":151,"geometry":{"type":"Point","coordinates":[-58.463905,-34.587943]},"properties":{"id":151,"name":"AV. ELCANO - 4430","tipo":"Cinemómetro","tags":{"name":"AV. ELCANO - 4430","enforcement":"Cinemómetro"},"type":"speed_camera"}},{"type":"Feature","id":152,"geometry":{"type":"Point","coordinates":[-58.443227,-34.683218]},"properties":{"id":152,"name":"AV. 27 DE FEBRERO - 8375","tipo":"Cinemómetro","tags":{"name":"AV. 27 DE FEBRERO - 8375","enforcement":"Cinemómetro"},"type":"speed_camera"}},{"type":"Feature","id":153,"geometry":{"type":"Point","coordinates":[-58.469959,-34.636173]},"properties":{"id":153,"name":"AV. DIRECTORIO - 3078","tipo":"Cinemómetro","tags":{"name":"AV. DIRECTORIO - 3078","enforcement":"Cinemómetro"},"type":"speed_camera"}},{"type":"Feature","id":154,"geometry":{"type":"Point","coordinates":[-58.504409,-34.567206]},"properties":{"id":154,"name":"CALLE CRISOLOGO LARRALDE - 6037","tipo":"Cinemómetro","tags":{"name":"CALLE CRISOLOGO LARRALDE - 6037","enforcement":"Cinemómetro"},"type":"speed_camera"}},{"type":"Feature","id":155,"geometry":{"type":"Point","coordinates":[-58.449202,-34.542608]},"properties":{"id":155,"name":"AU. LEOPOLDO LUGONES - KM 8.7","tipo":"Cinemómetro","tags":{"name":"AU. LEOPOLDO LUGONES - KM 8.7","enforcement":"Cinemómetro"},"type":"speed_camera"}},{"type":"Feature","id":156,"geometry":{"type":"Point","coordinates":[-58.449202,-34.542608]},"properties":{"id":156,"name":"AU. LEOPOLDO LUGONES - KM 8.7","tipo":"Cinemómetro","tags":{"name":"AU. LEOPOLDO LUGONES - KM 8.7","enforcement":"Cinemómetro"},"type":"speed_camera"}},{"type":"Feature","id":157,"geometry":{"type":"Point","coordinates":[-58.479048,-34.677866]},"properties":{"id":157,"name":"AU. DELLEPIANE - KM 1.15","tipo":"Cinemómetro","tags":{"name":"AU. DELLEPIANE - KM 1.15","enforcement":"Cinemómetro"},"type":"speed_camera"}},{"type":"Feature","id":158,"geometry":{"type":"Point","coordinates":[-58.495362,-34.562812]},"properties":{"id":158,"name":"CALLE CRISOLOGO LARRALDE - 5295","tipo":"Cinemómetro","tags":{"name":"CALLE CRISOLOGO LARRALDE - 5295","enforcement":"Cinemómetro"},"type":"speed_camera"}},{"type":"Feature","id":159,"geometry":{"type":"Point","coordinates":[-58.379081,-34.627679]},"properties":{"id":159,"name":"AU. ARTURO FRONDIZI - KM 2.6","tipo":"Cinemómetro","tags":{"name":"AU. ARTURO FRONDIZI - KM 2.6","enforcement":"Cinemómetro"},"type":"speed_camera"}},{"type":"Feature","id":160,"geometry":{"type":"Point","coordinates":[-58.527448,-34.6349]},"properties":{"id":160,"name":"AU. PERITO MORENO - KM 0.3","tipo":"Cinemómetro","tags":{"name":"AU. PERITO MORENO - KM 0.3","enforcement":"Cinemómetro"},"type":"speed_camera"}},{"type":"Feature","id":161,"geometry":{"type":"Point","coordinates":[-58.461405,-34.54308]},"properties":{"id":161,"name":"AV. DEL LIBERTADOR - 7725","tipo":"Cinemómetro","tags":{"name":"AV. DEL LIBERTADOR - 7725","enforcement":"Cinemómetro"},"type":"speed_camera"}},{"type":"Feature","id":162,"geometry":{"type":"Point","coordinates":[-58.480313,-34.590602]},"properties":{"id":162,"name":"AV. DE LOS CONSTITUYENTES - 3264","tipo":"Cinemómetro","tags":{"name":"AV. DE LOS CONSTITUYENTES - 3264","enforcement":"Cinemómetro"},"type":"speed_camera"}},{"type":"Feature","id":163,"geometry":{"type":"Point","coordinates":[-58.426615,-34.552064]},"properties":{"id":163,"name":"AV. RAFAEL OBLIGADO - 4845","tipo":"Cinemómetro","tags":{"name":"AV. RAFAEL OBLIGADO - 4845","enforcement":"Cinemómetro"},"type":"speed_camera"}},{"type":"Feature","id":164,"geometry":{"type":"Point","coordinates":[-58.391703,-34.5837]},"properties":{"id":164,"name":"AV. FIGUEROA ALCORTA - 2210","tipo":"Cinemómetro","tags":{"name":"AV. FIGUEROA ALCORTA - 2210","enforcement":"Cinemómetro"},"type":"speed_camera"}},{"type":"Feature","id":165,"geometry":{"type":"Point","coordinates":[-58.445175,-34.559786]},"properties":{"id":165,"name":"AV. DEL LIBERTADOR - 5666","tipo":"Cinemómetro","tags":{"name":"AV. DEL LIBERTADOR - 5666","enforcement":"Cinemómetro"},"type":"speed_camera"}},{"type":"Feature","id":166,"geometry":{"type":"Point","coordinates":[-58.454193,-34.611735]},"properties":{"id":166,"name":"AV. GAONA - 1852","tipo":"Cinemómetro","tags":{"name":"AV. GAONA - 1852","enforcement":"Cinemómetro"},"type":"speed_camera"}},{"type":"Feature","id":167,"geometry":{"type":"Point","coordinates":[-58.413855,-34.5738]},"properties":{"id":167,"name":"AV. SARMIENTO - 3480","tipo":"Cinemómetro","tags":{"name":"AV. SARMIENTO - 3480","enforcement":"Cinemómetro"},"type":"speed_camera"}},{"type":"Feature","id":168,"geometry":{"type":"Point","coordinates":[-58.425513,-34.571904]},"properties":{"id":168,"name":"AV. DORREGO - 3370","tipo":"Cinemómetro","tags":{"name":"AV. DORREGO - 3370","enforcement":"Cinemómetro"},"type":"speed_camera"}},{"type":"Feature","id":169,"geometry":{"type":"Point","coordinates":[-58.393885,-34.629948]},"properties":{"id":169,"name":"AV. BRASIL - 2085","tipo":"Cinemómetro","tags":{"name":"AV. BRASIL - 2085","enforcement":"Cinemómetro"},"type":"speed_camera"}},{"type":"Feature","id":170,"geometry":{"type":"Point","coordinates":[-58.486566,-34.557964]},"properties":{"id":170,"name":"AV. DONADO - 3660","tipo":"Cinemómetro","tags":{"name":"AV. DONADO - 3660","enforcement":"Cinemómetro"},"type":"speed_camera"}},{"type":"Feature","id":171,"geometry":{"type":"Point","coordinates":[-58.376237,-34.622106]},"properties":{"id":171,"name":"AV. SAN JUAN - 730","tipo":"Cinemómetro","tags":{"name":"AV. SAN JUAN - 730","enforcement":"Cinemómetro"},"type":"speed_camera"}},{"type":"Feature","id":172,"geometry":{"type":"Point","coordinates":[-58.438557,-34.547917]},"properties":{"id":172,"name":"AU. INTENDENTE CANTILO - KM 7.55","tipo":"Cinemómetro","tags":{"name":"AU. INTENDENTE CANTILO - KM 7.55","enforcement":"Cinemómetro"},"type":"speed_camera"}},{"type":"Feature","id":173,"geometry":{"type":"Point","coordinates":[-58.376556,-34.64009]},"properties":{"id":173,"name":"AU. ARTURO FRONDIZI - KM 1.3","tipo":"Cinemómetro","tags":{"name":"AU. ARTURO FRONDIZI - KM 1.3","enforcement":"Cinemómetro"},"type":"speed_camera"}},{"type":"Feature","id":174,"geometry":{"type":"Point","coordinates":[-58.474928,-34.667696]},"properties":{"id":174,"name":"AU. DELLEPIANE - KM 2.3","tipo":"Cinemómetro","tags":{"name":"AU. DELLEPIANE - KM 2.3","enforcement":"Cinemómetro"},"type":"speed_camera"}},{"type":"Feature","id":175,"geometry":{"type":"Point","coordinates":[-58.459187,-34.537088]},"properties":{"id":175,"name":"AU. INTENDENTE CANTILO - KM 9.86","tipo":"Cinemómetro","tags":{"name":"AU. INTENDENTE CANTILO - KM 9.86","enforcement":"Cinemómetro"},"type":"speed_camera"}},{"type":"Feature","id":176,"geometry":{"type":"Point","coordinates":[-58.459187,-34.537088]},"properties":{"id":176,"name":"AU. INTENDENTE CANTILO - KM 9.8","tipo":"Cinemómetro","tags":{"name":"AU. INTENDENTE CANTILO - KM 9.8","enforcement":"Cinemómetro"},"type":"speed_camera"}},{"type":"Feature","id":177,"geometry":{"type":"Point","coordinates":[-58.459687,-34.537584]},"properties":{"id":177,"name":"AU. LEOPOLDO LUGONES - KM 9.8","tipo":"Cinemómetro","tags":{"name":"AU. LEOPOLDO LUGONES - KM 9.8","enforcement":"Cinemómetro"},"type":"speed_camera"}},{"type":"Feature","id":178,"geometry":{"type":"Point","coordinates":[-58.459687,-34.537584]},"properties":{"id":178,"name":"AU. LEOPOLDO LUGONES - KM 9.8","tipo":"Cinemómetro","tags":{"name":"AU. LEOPOLDO LUGONES - KM 9.8","enforcement":"Cinemómetro"},"type":"speed_camera"}},{"type":"Feature","id":179,"geometry":{"type":"Point","coordinates":[-58.438831,-34.548313]},"properties":{"id":179,"name":"AU. LEOPOLDO LUGONES - KM 7.6","tipo":"Cinemómetro","tags":{"name":"AU. LEOPOLDO LUGONES - KM 7.6","enforcement":"Cinemómetro"},"type":"speed_camera"}},{"type":"Feature","id":180,"geometry":{"type":"Point","coordinates":[-58.438831,-34.548313]},"properties":{"id":180,"name":"AU. LEOPOLDO LUGONES - KM 7.6","tipo":"Cinemómetro","tags":{"name":"AU. LEOPOLDO LUGONES - KM 7.6","enforcement":"Cinemómetro"},"type":"speed_camera"}},{"type":"Feature","id":181,"geometry":{"type":"Point","coordinates":[-58.415145,-34.563469]},"properties":{"id":181,"name":"AU. LEOPOLDO LUGONES - KM 4.9","tipo":"Cinemómetro","tags":{"name":"AU. LEOPOLDO LUGONES - KM 4.9","enforcement":"Cinemómetro"},"type":"speed_camera"}},{"type":"Feature","id":182,"geometry":{"type":"Point","coordinates":[-58.503825,-34.573042]},"properties":{"id":182,"name":"AV. DE LOS CONSTITUYENTES - 5880","tipo":"Cinemómetro","tags":{"name":"AV. DE LOS CONSTITUYENTES - 5880","enforcement":"Cinemómetro"},"type":"speed_camera"}},{"type":"Feature","id":183,"geometry":{"type":"Point","coordinates":[-58.415145,-34.563469]},"properties":{"id":183,"name":"AU. LEOPOLDO LUGONES - KM 4.9","tipo":"Cinemómetro","tags":{"name":"AU. LEOPOLDO LUGONES - KM 4.9","enforcement":"Cinemómetro"},"type":"speed_camera"}},{"type":"Feature","id":184,"geometry":{"type":"Point","coordinates":[-58.464551,-34.647662]},"properties":{"id":184,"name":"AU. AU1 - AU6 RAMAL DE TRANSICIÓN - KM 0.1","tipo":"Cinemómetro","tags":{"name":"AU. AU1 - AU6 RAMAL DE TRANSICIÓN - KM 0.1","enforcement":"Cinemómetro"},"type":"speed_camera"}},{"type":"Feature","id":185,"geometry":{"type":"Point","coordinates":[-58.420924,-34.566905]},"properties":{"id":185,"name":"AV. DORREGO - 3700","tipo":"Cinemómetro","tags":{"name":"AV. DORREGO - 3700","enforcement":"Cinemómetro"},"type":"speed_camera"}},{"type":"Feature","id":186,"geometry":{"type":"Point","coordinates":[-58.420969,-34.56716]},"properties":{"id":186,"name":"AV. DORREGO - 3700","tipo":"Cinemómetro","tags":{"name":"AV. DORREGO - 3700","enforcement":"Cinemómetro"},"type":"speed_camera"}},{"type":"Feature","id":187,"geometry":{"type":"Point","coordinates":[-58.49738,-34.554033]},"properties":{"id":187,"name":"AV. RICARDO BALBIN - 4640","tipo":"Cinemómetro","tags":{"name":"AV. RICARDO BALBIN - 4640","enforcement":"Cinemómetro"},"type":"speed_camera"}},{"type":"Feature","id":188,"geometry":{"type":"Point","coordinates":[-58.474297,-34.541081]},"properties":{"id":188,"name":"AV. CABILDO - 4740","tipo":"Cinemómetro","tags":{"name":"AV. CABILDO - 4740","enforcement":"Cinemómetro"},"type":"speed_camera"}},{"type":"Feature","id":189,"geometry":{"type":"Point","coordinates":[-58.419661,-34.597818]},"properties":{"id":189,"name":"AV. CÓRDOBA - 3762","tipo":"Cinemómetro","tags":{"name":"AV. CÓRDOBA - 3762","enforcement":"Cinemómetro"},"type":"speed_camera"}},{"type":"Feature","id":190,"geometry":{"type":"Point","coordinates":[-58.445799,-34.624328]},"properties":{"id":190,"name":"AV. JUAN B. ALBERDI - 1260","tipo":"Cinemómetro","tags":{"name":"AV. JUAN B. ALBERDI - 1260","enforcement":"Cinemómetro"},"type":"speed_camera"}},{"type":"Feature","id":191,"geometry":{"type":"Point","coordinates":[-58.42634,-34.628748]},"properties":{"id":191,"name":"AU. 25 DE MAYO - KM 4.1","tipo":"Cinemómetro","tags":{"name":"AU. 25 DE MAYO - KM 4.1","enforcement":"Cinemómetro"},"type":"speed_camera"}},{"type":"Feature","id":192,"geometry":{"type":"Point","coordinates":[-58.392682,-34.623799]},"properties":{"id":192,"name":"AU. 25 DE MAYO - KM 7.2","tipo":"Cinemómetro","tags":{"name":"AU. 25 DE MAYO - KM 7.2","enforcement":"Cinemómetro"},"type":"speed_camera"}},{"type":"Feature","id":193,"geometry":{"type":"Point","coordinates":[-58.392682,-34.623799]},"properties":{"id":193,"name":"AU. 25 DE MAYO - KM 7.2","tipo":"Cinemómetro","tags":{"name":"AU. 25 DE MAYO - KM 7.2","enforcement":"Cinemómetro"},"type":"speed_camera"}},{"type":"Feature","id":194,"geometry":{"type":"Point","coordinates":[-58.42634,-34.628748]},"properties":{"id":194,"name":"AU. 25 DE MAYO - KM 4.1","tipo":"Cinemómetro","tags":{"name":"AU. 25 DE MAYO - KM 4.1","enforcement":"Cinemómetro"},"type":"speed_camera"}},{"type":"Feature","id":195,"geometry":{"type":"Point","coordinates":[-58.501957,-34.553849]},"properties":{"id":195,"name":"AU. GENERAL PAZ - KM 4.3","tipo":"Cinemómetro","tags":{"name":"AU. GENERAL PAZ - KM 4.3","enforcement":"Cinemómetro"},"type":"speed_camera"}},{"type":"Feature","id":196,"geometry":{"type":"Point","coordinates":[-58.501957,-34.553849]},"properties":{"id":196,"name":"AU. GENERAL PAZ - KM 4.3","tipo":"Cinemómetro","tags":{"name":"AU. GENERAL PAZ - KM 4.3","enforcement":"Cinemómetro"},"type":"speed_camera"}},{"type":"Feature","id":197,"geometry":{"type":"Point","coordinates":[-58.523333,-34.599446]},"properties":{"id":197,"name":"AU. GENERAL PAZ - KM 10.0","tipo":"Cinemómetro","tags":{"name":"AU. GENERAL PAZ - KM 10.0","enforcement":"Cinemómetro"},"type":"speed_camera"}},{"type":"Feature","id":198,"geometry":{"type":"Point","coordinates":[-58.523333,-34.599446]},"properties":{"id":198,"name":"AU. GENERAL PAZ - KM 10.0","tipo":"Cinemómetro","tags":{"name":"AU. GENERAL PAZ - KM 10.0","enforcement":"Cinemómetro"},"type":"speed_camera"}},{"type":"Feature","id":199,"geometry":{"type":"Point","coordinates":[-58.514672,-34.664765]},"properties":{"id":199,"name":"AU. GENERAL PAZ - KM 17.5","tipo":"Cinemómetro","tags":{"name":"AU. GENERAL PAZ - KM 17.5","enforcement":"Cinemómetro"},"type":"speed_camera"}},{"type":"Feature","id":200,"geometry":{"type":"Point","coordinates":[-58.475509,-34.694076]},"properties":{"id":200,"name":"AU. GENERAL PAZ - KM 22.5","tipo":"Cinemómetro","tags":{"name":"AU. GENERAL PAZ - KM 22.5","enforcement":"Cinemómetro"},"type":"speed_camera"}},{"type":"Feature","id":201,"geometry":{"type":"Point","coordinates":[-58.530079,-34.629026]},"properties":{"id":201,"name":"AU. GENERAL PAZ - KM 13.1","tipo":"Cinemómetro","tags":{"name":"AU. GENERAL PAZ - KM 13.1","enforcement":"Cinemómetro"},"type":"speed_camera"}},{"type":"Feature","id":202,"geometry":{"type":"Point","coordinates":[-58.530079,-34.629026]},"properties":{"id":202,"name":"AU. GENERAL PAZ - KM 13.1","tipo":"Cinemómetro","tags":{"name":"AU. GENERAL PAZ - KM 13.1","enforcement":"Cinemómetro"},"type":"speed_camera"}},{"type":"Feature","id":203,"geometry":{"type":"Point","coordinates":[-58.501957,-34.553849]},"properties":{"id":203,"name":"AU. GENERAL PAZ - KM 4.3","tipo":"Cinemómetro","tags":{"name":"AU. GENERAL PAZ - KM 4.3","enforcement":"Cinemómetro"},"type":"speed_camera"}},{"type":"Feature","id":204,"geometry":{"type":"Point","coordinates":[-58.501957,-34.553849]},"properties":{"id":204,"name":"AU. GENERAL PAZ - KM 4.3","tipo":"Cinemómetro","tags":{"name":"AU. GENERAL PAZ - KM 4.3","enforcement":"Cinemómetro"},"type":"speed_camera"}},{"type":"Feature","id":205,"geometry":{"type":"Point","coordinates":[-58.41329,-34.626986]},"properties":{"id":205,"name":"AU. 25 DE MAYO - KM 5.3","tipo":"Cinemómetro","tags":{"name":"AU. 25 DE MAYO - KM 5.3","enforcement":"Cinemómetro"},"type":"speed_camera"}},{"type":"Feature","id":206,"geometry":{"type":"Point","coordinates":[-58.41329,-34.626986]},"properties":{"id":206,"name":"AU. 25 DE MAYO - KM 5.3","tipo":"Cinemómetro","tags":{"name":"AU. 25 DE MAYO - KM 5.3","enforcement":"Cinemómetro"},"type":"speed_camera"}},{"type":"Feature","id":207,"geometry":{"type":"Point","coordinates":[-58.39481,-34.624312]},"properties":{"id":207,"name":"AU. 25 DE MAYO - KM 7.0","tipo":"Cinemómetro","tags":{"name":"AU. 25 DE MAYO - KM 7.0","enforcement":"Cinemómetro"},"type":"speed_camera"}},{"type":"Feature","id":208,"geometry":{"type":"Point","coordinates":[-58.39481,-34.624312]},"properties":{"id":208,"name":"AU. 25 DE MAYO - KM 7.0","tipo":"Cinemómetro","tags":{"name":"AU. 25 DE MAYO - KM 7.0","enforcement":"Cinemómetro"},"type":"speed_camera"}},{"type":"Feature","id":209,"geometry":{"type":"Point","coordinates":[-58.389834,-34.618124]},"properties":{"id":209,"name":"AV. INDEPENDENCIA - 1668","tipo":"Cinemómetro","tags":{"name":"AV. INDEPENDENCIA - 1668","enforcement":"Cinemómetro"},"type":"speed_camera"}},{"type":"Feature","id":210,"geometry":{"type":"Point","coordinates":[-58.445046,-34.595415]},"properties":{"id":210,"name":"AV. JUAN B. JUSTO - 2650","tipo":"Cinemómetro","tags":{"name":"AV. JUAN B. JUSTO - 2650","enforcement":"Cinemómetro"},"type":"speed_camera"}},{"type":"Feature","id":211,"geometry":{"type":"Point","coordinates":[-58.41608,-34.56825]},"properties":{"id":211,"name":"AV. FIGUEROA ALCORTA - 4750","tipo":"Cinemómetro","tags":{"name":"AV. FIGUEROA ALCORTA - 4750","enforcement":"Cinemómetro"},"type":"speed_camera"}},{"type":"Feature","id":212,"geometry":{"type":"Point","coordinates":[-58.500386,-34.673378]},"properties":{"id":212,"name":"AV. EVA PERÓN - 7280","tipo":"Cinemómetro","tags":{"name":"AV. EVA PERÓN - 7280","enforcement":"Cinemómetro"},"type":"speed_camera"}},{"type":"Feature","id":213,"geometry":{"type":"Point","coordinates":[-58.414838,-34.608335]},"properties":{"id":213,"name":"AV. DÍAZ VÉLEZ - 3420","tipo":"Cinemómetro","tags":{"name":"AV. DÍAZ VÉLEZ - 3420","enforcement":"Cinemómetro"},"type":"speed_camera"}},{"type":"Feature","id":214,"geometry":{"type":"Point","coordinates":[-58.366223,-34.614512]},"properties":{"id":214,"name":"PASEO DEL BAJO KM 1.5","tipo":"Cinemómetro","tags":{"name":"PASEO DEL BAJO KM 1.5","enforcement":"Cinemómetro"},"type":"speed_camera"}},{"type":"Feature","id":215,"geometry":{"type":"Point","coordinates":[-58.366223,-34.614512]},"properties":{"id":215,"name":"PASEO DEL BAJO KM 1.5","tipo":"Cinemómetro","tags":{"name":"PASEO DEL BAJO KM 1.5","enforcement":"Cinemómetro"},"type":"speed_camera"}},{"type":"Feature","id":216,"geometry":{"type":"Point","coordinates":[-58.382082,-34.579106]},"properties":{"id":216,"name":"PASEO DEL BAJO KM 6.0","tipo":"Cinemómetro","tags":{"name":"PASEO DEL BAJO KM 6.0","enforcement":"Cinemómetro"},"type":"speed_camera"}},{"type":"Feature","id":217,"geometry":{"type":"Point","coordinates":[-58.382082,-34.579106]},"properties":{"id":217,"name":"PASEO DEL BAJO KM 6.0","tipo":"Cinemómetro","tags":{"name":"PASEO DEL BAJO KM 6.0","enforcement":"Cinemómetro"},"type":"speed_camera"}},{"type":"Feature","id":218,"geometry":{"type":"Point","coordinates":[-58.379718,-34.608993]},"properties":{"id":218,"name":"AV. DE MAYO - 930","tipo":"Cinemómetro","tags":{"name":"AV. DE MAYO - 930","enforcement":"Cinemómetro"},"type":"speed_camera"}},{"type":"Feature","id":219,"geometry":{"type":"Point","coordinates":[-58.481138,-34.564416]},"properties":{"id":219,"name":"CALLE HOLMBERG - 3015","tipo":"Cinemómetro","tags":{"name":"CALLE HOLMBERG - 3015","enforcement":"Cinemómetro"},"type":"speed_camera"}},{"type":"Feature","id":220,"geometry":{"type":"Point","coordinates":[-58.457205,-34.594573]},"properties":{"id":220,"name":"AV. JORGE NEWBERY - 4733","tipo":"Cinemómetro","tags":{"name":"AV. JORGE NEWBERY - 4733","enforcement":"Cinemómetro"},"type":"speed_camera"}},{"type":"Feature","id":221,"geometry":{"type":"Point","coordinates":[-58.413545,-34.636013]},"properties":{"id":221,"name":"AV. CHICLANA - 3474","tipo":"Cinemómetro","tags":{"name":"AV. CHICLANA - 3474","enforcement":"Cinemómetro"},"type":"speed_camera"}},{"type":"Feature","id":222,"geometry":{"type":"Point","coordinates":[-58.451289,-34.600777]},"properties":{"id":222,"name":"AV. HONORIO PUEYRREDON - 1815","tipo":"Cinemómetro","tags":{"name":"AV. HONORIO PUEYRREDON - 1815","enforcement":"Cinemómetro"},"type":"speed_camera"}},{"type":"Feature","id":223,"geometry":{"type":"Point","coordinates":[-58.439244,-34.62622]},"properties":{"id":223,"name":"AV. PEDRO GOYENA - 805","tipo":"Cinemómetro","tags":{"name":"AV. PEDRO GOYENA - 805","enforcement":"Cinemómetro"},"type":"speed_camera"}},{"type":"Feature","id":224,"geometry":{"type":"Point","coordinates":[-58.464781,-34.588939]},"properties":{"id":224,"name":"AV. ELCANO - 4510","tipo":"Cinemómetro","tags":{"name":"AV. ELCANO - 4510","enforcement":"Cinemómetro"},"type":"speed_camera"}},{"type":"Feature","id":"pba-C0001","geometry":{"type":"Point","coordinates":[-58.172585,-34.895651]},"properties":{"id":"pba-C0001","name":"Ruta Provincial 2 km 41.95 · Berazategui","tags":{"name":"Ruta Provincial 2 km 41.95 · Berazategui","enforcement":"Cinemómetro","tipo":"Fijos","municipio":"Berazategui","ruta":"Ruta Provincial 2","km":"41.95","sentido":"Asc","estado":"Pendiente De Calibración","propietario":"Provincial"},"type":"speed_camera"}},{"type":"Feature","id":"pba-C0003","geometry":{"type":"Point","coordinates":[-57.819664,-36.075075]},"properties":{"id":"pba-C0003","name":"Ruta Provincial 2 km 180 · Castelli","tags":{"name":"Ruta Provincial 2 km 180 · Castelli","enforcement":"Cinemómetro","tipo":"Fijos","municipio":"Castelli","ruta":"Ruta Provincial 2","km":"180","sentido":"Asc","estado":"Pendiente De Calibración","propietario":"Provincial"},"type":"speed_camera"}},{"type":"Feature","id":"pba-C0004","geometry":{"type":"Point","coordinates":[-57.819024,-36.07499]},"properties":{"id":"pba-C0004","name":"Ruta Provincial 2 km 180 · Castelli","tags":{"name":"Ruta Provincial 2 km 180 · Castelli","enforcement":"Cinemómetro","tipo":"Fijos","municipio":"Castelli","ruta":"Ruta Provincial 2","km":"180","sentido":"Desc","estado":"Pendiente De Calibración","propietario":"Provincial"},"type":"speed_camera"}},{"type":"Feature","id":"pba-C0005","geometry":{"type":"Point","coordinates":[-57.767101,-37.273074]},"properties":{"id":"pba-C0005","name":"Ruta Provincial 2 km 323.7 · Mar Chiquita","tags":{"name":"Ruta Provincial 2 km 323.7 · Mar Chiquita","enforcement":"Cinemómetro","tipo":"Fijos","municipio":"Mar Chiquita","ruta":"Ruta Provincial 2","km":"323.7","sentido":"Asc","estado":"Operativo","propietario":"Provincial"},"type":"speed_camera"}},{"type":"Feature","id":"pba-C0006","geometry":{"type":"Point","coordinates":[-57.766463,-37.27296]},"properties":{"id":"pba-C0006","name":"Ruta Provincial 2 km 323.7 · Mar Chiquita","tags":{"name":"Ruta Provincial 2 km 323.7 · Mar Chiquita","enforcement":"Cinemómetro","tipo":"Fijos","municipio":"Mar Chiquita","ruta":"Ruta Provincial 2","km":"323.7","sentido":"Desc","estado":"Operativo","propietario":"Provincial"},"type":"speed_camera"}},{"type":"Feature","id":"pba-C0007","geometry":{"type":"Point","coordinates":[-57.732995,-37.432334]},"properties":{"id":"pba-C0007","name":"Ruta Provincial 2 km 340.9 · Mar Chiquita","tags":{"name":"Ruta Provincial 2 km 340.9 · Mar Chiquita","enforcement":"Cinemómetro","tipo":"Fijos","municipio":"Mar Chiquita","ruta":"Ruta Provincial 2","km":"340.9","sentido":"Desc","estado":"Operativo","propietario":"Provincial"},"type":"speed_camera"}},{"type":"Feature","id":"pba-C0008","geometry":{"type":"Point","coordinates":[-57.733318,-37.432558]},"properties":{"id":"pba-C0008","name":"Ruta Provincial 2 km 340.9 · Mar Chiquita","tags":{"name":"Ruta Provincial 2 km 340.9 · Mar Chiquita","enforcement":"Cinemómetro","tipo":"Fijos","municipio":"Mar Chiquita","ruta":"Ruta Provincial 2","km":"340.9","sentido":"Asc","estado":"Operativo","propietario":"Provincial"},"type":"speed_camera"}},{"type":"Feature","id":"pba-C0009","geometry":{"type":"Point","coordinates":[-57.592399,-37.913168]},"properties":{"id":"pba-C0009","name":"Ruta Provincial 2 km 396.1 · General Pueyrredón","tags":{"name":"Ruta Provincial 2 km 396.1 · General Pueyrredón","enforcement":"Cinemómetro","tipo":"Fijos","municipio":"General Pueyrredón","ruta":"Ruta Provincial 2","km":"396.1","sentido":"Asc","estado":"Operativo","propietario":"Provincial"},"type":"speed_camera"}},{"type":"Feature","id":"pba-C0013","geometry":{"type":"Point","coordinates":[-56.888286,-37.104006]},"properties":{"id":"pba-C0013","name":"Ruta Provincial 11 km 410.5 · General Madariaga","tags":{"name":"Ruta Provincial 11 km 410.5 · General Madariaga","enforcement":"Cinemómetro","tipo":"Fijos","municipio":"General Madariaga","ruta":"Ruta Provincial 11","km":"410.5","sentido":"Asc","estado":"Operativo","propietario":"Provincial"},"type":"speed_camera"}},{"type":"Feature","id":"pba-C0014","geometry":{"type":"Point","coordinates":[-58.612325,-34.426383]},"properties":{"id":"pba-C0014","name":"Camino De Los Remeros km 2.7 · Tigre","tags":{"name":"Camino De Los Remeros km 2.7 · Tigre","enforcement":"Cinemómetro","tipo":"Fijos","municipio":"Tigre","ruta":"Camino De Los Remeros","km":"2.7","sentido":"Asc","estado":"Pendiente De Calibración","propietario":"Provincial"},"type":"speed_camera"}},{"type":"Feature","id":"pba-C0015","geometry":{"type":"Point","coordinates":[-56.714702,-36.57977]},"properties":{"id":"pba-C0015","name":"Ruta Provincial 11 km 329.8 · La Costa","tags":{"name":"Ruta Provincial 11 km 329.8 · La Costa","enforcement":"Cinemómetro","tipo":"Fijos","municipio":"La Costa","ruta":"Ruta Provincial 11","km":"329.8","sentido":"Desc","estado":"Operativo","propietario":"Provincial"},"type":"speed_camera"}},{"type":"Feature","id":"pba-C0017","geometry":{"type":"Point","coordinates":[-57.989282,-35.544631]},"properties":{"id":"pba-C0017","name":"Ruta Provincial 2 km 116 · Chascomús","tags":{"name":"Ruta Provincial 2 km 116 · Chascomús","enforcement":"Cinemómetro","tipo":"Fijos","municipio":"Chascomús","ruta":"Ruta Provincial 2","km":"116","sentido":"Asc","estado":"Operativo","propietario":"Provincial"},"type":"speed_camera"}},{"type":"Feature","id":"pba-C0018","geometry":{"type":"Point","coordinates":[-57.989187,-35.544713]},"properties":{"id":"pba-C0018","name":"Ruta Provincial 2 km 116 · Chascomús","tags":{"name":"Ruta Provincial 2 km 116 · Chascomús","enforcement":"Cinemómetro","tipo":"Fijos","municipio":"Chascomús","ruta":"Ruta Provincial 2","km":"116","sentido":"Asc","estado":"Operativo","propietario":"Provincial"},"type":"speed_camera"}},{"type":"Feature","id":"pba-C0019","geometry":{"type":"Point","coordinates":[-58.88644,-34.850326]},"properties":{"id":"pba-C0019","name":"Ruta Provincial 40 km 17.9 · Marcos Paz","tags":{"name":"Ruta Provincial 40 km 17.9 · Marcos Paz","enforcement":"Cinemómetro","tipo":"Fijos","municipio":"Marcos Paz","ruta":"Ruta Provincial 40","km":"17.9","sentido":"Asc","estado":"Pendiente De Calibración","propietario":"Provincial"},"type":"speed_camera"}},{"type":"Feature","id":"pba-C0020","geometry":{"type":"Point","coordinates":[-59.991328,-34.872677]},"properties":{"id":"pba-C0020","name":"Ruta Provincial 30 km 452 · Chivilcoy","tags":{"name":"Ruta Provincial 30 km 452 · Chivilcoy","enforcement":"Cinemómetro","tipo":"Fijos","municipio":"Chivilcoy","ruta":"Ruta Provincial 30","km":"452","sentido":"Desc","estado":"Operativo","propietario":"Provincial"},"type":"speed_camera"}},{"type":"Feature","id":"pba-C0021","geometry":{"type":"Point","coordinates":[-58.480043,-35.241725]},"properties":{"id":"pba-C0021","name":"Ruta Provincial 215 km 85.7 · Cañuelas","tags":{"name":"Ruta Provincial 215 km 85.7 · Cañuelas","enforcement":"Cinemómetro","tipo":"Fijos","municipio":"Cañuelas","ruta":"Ruta Provincial 215","km":"85.7","sentido":"Desc","estado":"Pendiente De Calibración","propietario":"Provincial"},"type":"speed_camera"}},{"type":"Feature","id":"pba-C0022","geometry":{"type":"Point","coordinates":[-57.981891,-35.561392]},"properties":{"id":"pba-C0022","name":"Ruta Provincial 2 km 117.5 · Chascomús","tags":{"name":"Ruta Provincial 2 km 117.5 · Chascomús","enforcement":"Cinemómetro","tipo":"Fijos","municipio":"Chascomús","ruta":"Ruta Provincial 2","km":"117.5","sentido":"Desc","estado":"Operativo","propietario":"Provincial"},"type":"speed_camera"}},{"type":"Feature","id":"pba-C0023","geometry":{"type":"Point","coordinates":[-58.490348,-35.251547]},"properties":{"id":"pba-C0023","name":"Ruta Provincial 215 km 85.7 · Cañuelas","tags":{"name":"Ruta Provincial 215 km 85.7 · Cañuelas","enforcement":"Cinemómetro","tipo":"Fijos","municipio":"Cañuelas","ruta":"Ruta Provincial 215","km":"85.7","sentido":"Asc","estado":"Pendiente De Calibración","propietario":"Provincial"},"type":"speed_camera"}},{"type":"Feature","id":"pba-C0024","geometry":{"type":"Point","coordinates":[-57.981803,-35.561792]},"properties":{"id":"pba-C0024","name":"Ruta Provincial 2 km 117.5 · Chascomús","tags":{"name":"Ruta Provincial 2 km 117.5 · Chascomús","enforcement":"Cinemómetro","tipo":"Fijos","municipio":"Chascomús","ruta":"Ruta Provincial 2","km":"117.5","sentido":"Desc","estado":"Operativo","propietario":"Provincial"},"type":"speed_camera"}},{"type":"Feature","id":"pba-C0025","geometry":{"type":"Point","coordinates":[-57.895578,-35.874113]},"properties":{"id":"pba-C0025","name":"Ruta Provincial 2 km 156.2 · Lezama","tags":{"name":"Ruta Provincial 2 km 156.2 · Lezama","enforcement":"Cinemómetro","tipo":"Fijos","municipio":"Lezama","ruta":"Ruta Provincial 2","km":"156.2","sentido":"Desc","estado":"Operativo","propietario":"Provincial"},"type":"speed_camera"}},{"type":"Feature","id":"pba-C0027","geometry":{"type":"Point","coordinates":[-57.615978,-36.309099]},"properties":{"id":"pba-C0027","name":"Ruta Provincial 63 km 8.8 · Dolores","tags":{"name":"Ruta Provincial 63 km 8.8 · Dolores","enforcement":"Cinemómetro","tipo":"Fijos","municipio":"Dolores","ruta":"Ruta Provincial 63","km":"8.8","sentido":"Desc","estado":"Operativo","propietario":"Provincial"},"type":"speed_camera"}},{"type":"Feature","id":"pba-C0028","geometry":{"type":"Point","coordinates":[-57.895739,-35.874159]},"properties":{"id":"pba-C0028","name":"Ruta Provincial 2 km 156.2 · Lezama","tags":{"name":"Ruta Provincial 2 km 156.2 · Lezama","enforcement":"Cinemómetro","tipo":"Fijos","municipio":"Lezama","ruta":"Ruta Provincial 2","km":"156.2","sentido":"Asc","estado":"Operativo","propietario":"Provincial"},"type":"speed_camera"}},{"type":"Feature","id":"pba-C0029","geometry":{"type":"Point","coordinates":[-58.984392,-34.312379]},"properties":{"id":"pba-C0029","name":"Ruta Provincial 6 km 185.1 · Campana","tags":{"name":"Ruta Provincial 6 km 185.1 · Campana","enforcement":"Cinemómetro","tipo":"Fijos","municipio":"Campana","ruta":"Ruta Provincial 6","km":"185.1","sentido":"Asc","estado":"Operativo","propietario":"Provincial"},"type":"speed_camera"}},{"type":"Feature","id":"pba-C0032","geometry":{"type":"Point","coordinates":[-57.502481,-36.313891]},"properties":{"id":"pba-C0032","name":"Ruta Provincial 63 km 13.3 · Dolores","tags":{"name":"Ruta Provincial 63 km 13.3 · Dolores","enforcement":"Cinemómetro","tipo":"Fijos","municipio":"Dolores","ruta":"Ruta Provincial 63","km":"13.3","sentido":"Asc","estado":"Operativo","propietario":"Provincial"},"type":"speed_camera"}},{"type":"Feature","id":"pba-C0036","geometry":{"type":"Point","coordinates":[-60.528526,-35.068459]},"properties":{"id":"pba-C0036","name":"Ruta Provincial 46 km 51.2 · Bragado","tags":{"name":"Ruta Provincial 46 km 51.2 · Bragado","enforcement":"Cinemómetro","tipo":"Fijos","municipio":"Bragado","ruta":"Ruta Provincial 46","km":"51.2","sentido":"Asc","estado":"Operativo","propietario":"Provincial"},"type":"speed_camera"}},{"type":"Feature","id":"pba-C0038","geometry":{"type":"Point","coordinates":[-58.583511,-34.427132]},"properties":{"id":"pba-C0038","name":"Ruta Provincial 197 Y Mitre km - · Tigre","tags":{"name":"Ruta Provincial 197 Y Mitre km - · Tigre","enforcement":"Cinemómetro","tipo":"Fijos","municipio":"Tigre","ruta":"Ruta Provincial 197 Y Mitre","km":"-","sentido":"Desc","estado":"Operativo","propietario":"Provincial"},"type":"speed_camera"}},{"type":"Feature","id":"pba-C0043","geometry":{"type":"Point","coordinates":[-57.064784,-37.037685]},"properties":{"id":"pba-C0043","name":"Ruta Provincial 74 km 18.2 · General Madariaga","tags":{"name":"Ruta Provincial 74 km 18.2 · General Madariaga","enforcement":"Cinemómetro","tipo":"Fijos","municipio":"General Madariaga","ruta":"Ruta Provincial 74","km":"18.2","sentido":"Desc","estado":"Operativo","propietario":"Provincial"},"type":"speed_camera"}},{"type":"Feature","id":"pba-C0045","geometry":{"type":"Point","coordinates":[-58.940928,-34.581263]},"properties":{"id":"pba-C0045","name":"Ruta Provincial 28 km 2.2 · General Rodríguez","tags":{"name":"Ruta Provincial 28 km 2.2 · General Rodríguez","enforcement":"Cinemómetro","tipo":"Fijos","municipio":"General Rodríguez","ruta":"Ruta Provincial 28","km":"2.2","sentido":"Desc","estado":"Operativo","propietario":"Provincial"},"type":"speed_camera"}},{"type":"Feature","id":"pba-C0046","geometry":{"type":"Point","coordinates":[-58.886215,-34.85041]},"properties":{"id":"pba-C0046","name":"Ruta Provincial 40 km 17.9 · Marcos Paz","tags":{"name":"Ruta Provincial 40 km 17.9 · Marcos Paz","enforcement":"Cinemómetro","tipo":"Fijos","municipio":"Marcos Paz","ruta":"Ruta Provincial 40","km":"17.9","sentido":"Desc","estado":"Operativo","propietario":"Provincial"},"type":"speed_camera"}},{"type":"Feature","id":"pba-C0047","geometry":{"type":"Point","coordinates":[-58.170192,-36.015458]},"properties":{"id":"pba-C0047","name":"Ruta Provincial 41 km 33.5 · Pila","tags":{"name":"Ruta Provincial 41 km 33.5 · Pila","enforcement":"Cinemómetro","tipo":"Fijos","municipio":"Pila","ruta":"Ruta Provincial 41","km":"33.5","sentido":"Asc","estado":"Pendiente De Calibración","propietario":"Provincial"},"type":"speed_camera"}},{"type":"Feature","id":"pba-C0048","geometry":{"type":"Point","coordinates":[-58.583736,-34.42738]},"properties":{"id":"pba-C0048","name":"Ruta Provincial 197 Y Mitre km - · Tigre","tags":{"name":"Ruta Provincial 197 Y Mitre km - · Tigre","enforcement":"Cinemómetro","tipo":"Fijos","municipio":"Tigre","ruta":"Ruta Provincial 197 Y Mitre","km":"-","sentido":"Desc","estado":"Operativo","propietario":"Provincial"},"type":"speed_camera"}},{"type":"Feature","id":"pba-C0049","geometry":{"type":"Point","coordinates":[-58.171342,-36.016375]},"properties":{"id":"pba-C0049","name":"Ruta Provincial 41 km 33.5 · Pila","tags":{"name":"Ruta Provincial 41 km 33.5 · Pila","enforcement":"Cinemómetro","tipo":"Fijos","municipio":"Pila","ruta":"Ruta Provincial 41","km":"33.5","sentido":"Desc","estado":"Pendiente De Calibración","propietario":"Provincial"},"type":"speed_camera"}},{"type":"Feature","id":"pba-C0050","geometry":{"type":"Point","coordinates":[-58.614378,-34.42553]},"properties":{"id":"pba-C0050","name":"Camino De Los Remeros km 2.7 · Tigre","tags":{"name":"Camino De Los Remeros km 2.7 · Tigre","enforcement":"Cinemómetro","tipo":"Fijos","municipio":"Tigre","ruta":"Camino De Los Remeros","km":"2.7","sentido":"Desc","estado":"Pendiente De Calibración","propietario":"Provincial"},"type":"speed_camera"}},{"type":"Feature","id":"pba-CJR0009","geometry":{"type":"Point","coordinates":[-57.702518,-36.283827]},"properties":{"id":"pba-CJR0009","name":"Ruta Provincial 2 km 203 · Dolores","tags":{"name":"Ruta Provincial 2 km 203 · Dolores","enforcement":"Cinemómetro","tipo":"Fijos","municipio":"Dolores","ruta":"Ruta Provincial 2","km":"203","sentido":"Asc","estado":"Pendiente De Calibración","propietario":"Provincial"},"type":"speed_camera"}},{"type":"Feature","id":"pba-CJR0010","geometry":{"type":"Point","coordinates":[-57.90974,-35.842928]},"properties":{"id":"pba-CJR0010","name":"Ruta Provincial 2 km 152.7 · Lezama","tags":{"name":"Ruta Provincial 2 km 152.7 · Lezama","enforcement":"Cinemómetro","tipo":"Fijos","municipio":"Lezama","ruta":"Ruta Provincial 2","km":"152.7","sentido":"Asc","estado":"Operativo","propietario":"Provincial"},"type":"speed_camera"}},{"type":"Feature","id":"pba-CJR0011","geometry":{"type":"Point","coordinates":[-57.704621,-36.283827]},"properties":{"id":"pba-CJR0011","name":"Ruta Provincial 2 km 203 · Dolores","tags":{"name":"Ruta Provincial 2 km 203 · Dolores","enforcement":"Cinemómetro","tipo":"Fijos","municipio":"Dolores","ruta":"Ruta Provincial 2","km":"203","sentido":"Asc","estado":"Pendiente De Calibración","propietario":"Provincial"},"type":"speed_camera"}},{"type":"Feature","id":"pba-CJR0012","geometry":{"type":"Point","coordinates":[-56.91481,-36.430741]},"properties":{"id":"pba-CJR0012","name":"Ruta Provincial 11 km 290.2 · General Lavalle","tags":{"name":"Ruta Provincial 11 km 290.2 · General Lavalle","enforcement":"Cinemómetro","tipo":"Fijos","municipio":"General Lavalle","ruta":"Ruta Provincial 11","km":"290.2","sentido":"Asc","estado":"Operativo","propietario":"Provincial"},"type":"speed_camera"}},{"type":"Feature","id":"pba-CJR0013","geometry":{"type":"Point","coordinates":[-58.023846,-35.510906]},"properties":{"id":"pba-CJR0013","name":"Ruta Provincial 2 km 113.5 · Chascomús","tags":{"name":"Ruta Provincial 2 km 113.5 · Chascomús","enforcement":"Cinemómetro","tipo":"Fijos","municipio":"Chascomús","ruta":"Ruta Provincial 2","km":"113.5","sentido":"Desc","estado":"Operativo","propietario":"Provincial"},"type":"speed_camera"}},{"type":"Feature","id":"pba-CJR0014","geometry":{"type":"Point","coordinates":[-58.024111,-35.510907]},"properties":{"id":"pba-CJR0014","name":"Ruta Provincial 2 km 114 · Chascomús","tags":{"name":"Ruta Provincial 2 km 114 · Chascomús","enforcement":"Cinemómetro","tipo":"Fijos","municipio":"Chascomús","ruta":"Ruta Provincial 2","km":"114","sentido":"Asc","estado":"Operativo","propietario":"Provincial"},"type":"speed_camera"}},{"type":"Feature","id":"pba-CJR0015","geometry":{"type":"Point","coordinates":[-57.714358,-35.227753]},"properties":{"id":"pba-CJR0015","name":"Ruta Provincial 36 km 96.5 · Magdalena","tags":{"name":"Ruta Provincial 36 km 96.5 · Magdalena","enforcement":"Cinemómetro","tipo":"Fijos","municipio":"Magdalena","ruta":"Ruta Provincial 36","km":"96.5","sentido":"Desc","estado":"Operativo","propietario":"Provincial"},"type":"speed_camera"}},{"type":"Feature","id":"pba-CJR0016","geometry":{"type":"Point","coordinates":[-57.714826,-35.22898]},"properties":{"id":"pba-CJR0016","name":"Ruta Provincial 36 km 96.5 · Magdalena","tags":{"name":"Ruta Provincial 36 km 96.5 · Magdalena","enforcement":"Cinemómetro","tipo":"Fijos","municipio":"Magdalena","ruta":"Ruta Provincial 36","km":"96.5","sentido":"Asc","estado":"Pendiente De Calibración","propietario":"Provincial"},"type":"speed_camera"}},{"type":"Feature","id":"pba-CJR0017","geometry":{"type":"Point","coordinates":[-57.322772,-35.530864]},"properties":{"id":"pba-CJR0017","name":"Ruta Provincial 36 km 152 · Punta Indio","tags":{"name":"Ruta Provincial 36 km 152 · Punta Indio","enforcement":"Cinemómetro","tipo":"Fijos","municipio":"Punta Indio","ruta":"Ruta Provincial 36","km":"152","sentido":"Asc","estado":"Operativo","propietario":"Provincial"},"type":"speed_camera"}},{"type":"Feature","id":"pba-CJR0018","geometry":{"type":"Point","coordinates":[-60.391275,-34.071772]},"properties":{"id":"pba-CJR0018","name":"Ruta Provincial 32 km 122.5 · Pergamino","tags":{"name":"Ruta Provincial 32 km 122.5 · Pergamino","enforcement":"Cinemómetro","tipo":"Fijos","municipio":"Pergamino","ruta":"Ruta Provincial 32","km":"122.5","sentido":"Desc","estado":"Operativo","propietario":"Provincial"},"type":"speed_camera"}},{"type":"Feature","id":"pba-CJR0020","geometry":{"type":"Point","coordinates":[-58.129639,-34.844743]},"properties":{"id":"pba-CJR0020","name":"Camino Centenario km 17.5 · Berazategui","tags":{"name":"Camino Centenario km 17.5 · Berazategui","enforcement":"Cinemómetro","tipo":"Fijos","municipio":"Berazategui","ruta":"Camino Centenario","km":"17.5","sentido":"Desc","estado":"Operativo","propietario":"Provincial"},"type":"speed_camera"}},{"type":"Feature","id":"pba-CJR0021","geometry":{"type":"Point","coordinates":[-58.129607,-34.84458]},"properties":{"id":"pba-CJR0021","name":"Camino Centenario km 17.5 · Berazategui","tags":{"name":"Camino Centenario km 17.5 · Berazategui","enforcement":"Cinemómetro","tipo":"Fijos","municipio":"Berazategui","ruta":"Camino Centenario","km":"17.5","sentido":"Asc","estado":"Operativo","propietario":"Provincial"},"type":"speed_camera"}},{"type":"Feature","id":"pba-CJR0022","geometry":{"type":"Point","coordinates":[-58.787046,-34.639277]},"properties":{"id":"pba-CJR0022","name":"Avenida Hipólito Yrigoyen km 15300 · Almirante Brown","tags":{"name":"Avenida Hipólito Yrigoyen km 15300 · Almirante Brown","enforcement":"Cinemómetro","tipo":"Fijos","municipio":"Almirante Brown","ruta":"Avenida Hipólito Yrigoyen","km":"15300","sentido":"Asc","estado":"Pendiente De Calibración","propietario":"Provincial"},"type":"speed_camera"}},{"type":"Feature","id":"pba-CJR0023","geometry":{"type":"Point","coordinates":[-58.945047,-34.169325]},"properties":{"id":"pba-CJR0023","name":"Avenida Hipólito Yrigoyen km 16100 · Almirante Brown","tags":{"name":"Avenida Hipólito Yrigoyen km 16100 · Almirante Brown","enforcement":"Cinemómetro","tipo":"Fijos","municipio":"Almirante Brown","ruta":"Avenida Hipólito Yrigoyen","km":"16100","sentido":"Desc","estado":"Pendiente De Calibración","propietario":"Provincial"},"type":"speed_camera"}},{"type":"Feature","id":"pba-CJR0024","geometry":{"type":"Point","coordinates":[-57.689318,-36.295769]},"properties":{"id":"pba-CJR0024","name":"Ruta Provincial 63 km 0.55 · Dolores","tags":{"name":"Ruta Provincial 63 km 0.55 · Dolores","enforcement":"Cinemómetro","tipo":"Fijos","municipio":"Dolores","ruta":"Ruta Provincial 63","km":"0.55","sentido":"Desc","estado":"Operativo","propietario":"Provincial"},"type":"speed_camera"}},{"type":"Feature","id":"pba-CJR0025","geometry":{"type":"Point","coordinates":[-57.689405,-36.295991]},"properties":{"id":"pba-CJR0025","name":"Ruta Provincial 63 km 0.55 · Dolores","tags":{"name":"Ruta Provincial 63 km 0.55 · Dolores","enforcement":"Cinemómetro","tipo":"Fijos","municipio":"Dolores","ruta":"Ruta Provincial 63","km":"0.55","sentido":"Asc","estado":"Operativo","propietario":"Provincial"},"type":"speed_camera"}},{"type":"Feature","id":"pba-CJR0032","geometry":{"type":"Point","coordinates":[-62.313791,-38.706995]},"properties":{"id":"pba-CJR0032","name":"Don Bosco km 2985 · Bahía Blanca","tags":{"name":"Don Bosco km 2985 · Bahía Blanca","enforcement":"Cinemómetro","tipo":"Fijos","municipio":"Bahía Blanca","ruta":"Don Bosco","km":"2985","sentido":"Asc","estado":"Operativo","propietario":"Provincial"},"type":"speed_camera"}},{"type":"Feature","id":"pba-CJR0033","geometry":{"type":"Point","coordinates":[-62.313839,-38.707029]},"properties":{"id":"pba-CJR0033","name":"Don Bosco km 2990 · Bahía Blanca","tags":{"name":"Don Bosco km 2990 · Bahía Blanca","enforcement":"Cinemómetro","tipo":"Fijos","municipio":"Bahía Blanca","ruta":"Don Bosco","km":"2990","sentido":"Desc","estado":"Pendiente De Calibración","propietario":"Provincial"},"type":"speed_camera"}},{"type":"Feature","id":"pba-CJR0034","geometry":{"type":"Point","coordinates":[-57.909794,-35.842771]},"properties":{"id":"pba-CJR0034","name":"Ruta Provincial 2 km 152.7 · Lezama","tags":{"name":"Ruta Provincial 2 km 152.7 · Lezama","enforcement":"Cinemómetro","tipo":"Fijos","municipio":"Lezama","ruta":"Ruta Provincial 2","km":"152.7","sentido":"Asc","estado":"Operativo","propietario":"Provincial"},"type":"speed_camera"}},{"type":"Feature","id":"pba-CJR0035","geometry":{"type":"Point","coordinates":[-57.702304,-36.285314]},"properties":{"id":"pba-CJR0035","name":"Ruta Provincial 2 km 203 · Dolores","tags":{"name":"Ruta Provincial 2 km 203 · Dolores","enforcement":"Cinemómetro","tipo":"Fijos","municipio":"Dolores","ruta":"Ruta Provincial 2","km":"203","sentido":"Desc","estado":"Pendiente De Calibración","propietario":"Provincial"},"type":"speed_camera"}},{"type":"Feature","id":"pba-CJR0036","geometry":{"type":"Point","coordinates":[-58.02375,-35.511081]},"properties":{"id":"pba-CJR0036","name":"Ruta Provincial 2 km 113.5 · Chascomús","tags":{"name":"Ruta Provincial 2 km 113.5 · Chascomús","enforcement":"Cinemómetro","tipo":"Fijos","municipio":"Chascomús","ruta":"Ruta Provincial 2","km":"113.5","sentido":"Desc","estado":"Operativo","propietario":"Provincial"},"type":"speed_camera"}},{"type":"Feature","id":"pba-CJR0038","geometry":{"type":"Point","coordinates":[-58.024047,-35.511121]},"properties":{"id":"pba-CJR0038","name":"Ruta Provincial 2 km 114 · Chascomús","tags":{"name":"Ruta Provincial 2 km 114 · Chascomús","enforcement":"Cinemómetro","tipo":"Fijos","municipio":"Chascomús","ruta":"Ruta Provincial 2","km":"114","sentido":"Asc","estado":"Operativo","propietario":"Provincial"},"type":"speed_camera"}},{"type":"Feature","id":"pba-CJR0040","geometry":{"type":"Point","coordinates":[-58.169392,-34.939986]},"properties":{"id":"pba-CJR0040","name":"Ruta Provincial 2 km 45 · La Plata","tags":{"name":"Ruta Provincial 2 km 45 · La Plata","enforcement":"Cinemómetro","tipo":"Fijos","municipio":"La Plata","ruta":"Ruta Provincial 2","km":"45","sentido":"Desc","estado":"Pendiente De Calibración","propietario":"Provincial"},"type":"speed_camera"}},{"type":"Feature","id":"pba-CJR0042","geometry":{"type":"Point","coordinates":[-60.393413,-34.073116]},"properties":{"id":"pba-CJR0042","name":"Ruta Provincial 32 km 122.5 · Pergamino","tags":{"name":"Ruta Provincial 32 km 122.5 · Pergamino","enforcement":"Cinemómetro","tipo":"Fijos","municipio":"Pergamino","ruta":"Ruta Provincial 32","km":"122.5","sentido":"Asc","estado":"Operativo","propietario":"Provincial"},"type":"speed_camera"}},{"type":"Feature","id":"pba-CJR0045","geometry":{"type":"Point","coordinates":[-57.704525,-36.285433]},"properties":{"id":"pba-CJR0045","name":"Ruta Provincial 2 km 203 · Dolores","tags":{"name":"Ruta Provincial 2 km 203 · Dolores","enforcement":"Cinemómetro","tipo":"Fijos","municipio":"Dolores","ruta":"Ruta Provincial 2","km":"203","sentido":"Desc","estado":"Operativo","propietario":"Provincial"},"type":"speed_camera"}},{"type":"Feature","id":"pba-CJR0047","geometry":{"type":"Point","coordinates":[-57.895648,-35.874331]},"properties":{"id":"pba-CJR0047","name":"Ruta Provincial 2 km 156.2 · Lezama","tags":{"name":"Ruta Provincial 2 km 156.2 · Lezama","enforcement":"Cinemómetro","tipo":"Fijos","municipio":"Lezama","ruta":"Ruta Provincial 2","km":"156.2","sentido":"Desc","estado":"Operativo","propietario":"Provincial"},"type":"speed_camera"}},{"type":"Feature","id":"pba-CJR0048","geometry":{"type":"Point","coordinates":[-57.895449,-35.874283]},"properties":{"id":"pba-CJR0048","name":"Ruta Provincial 2 km 156.2 · Lezama","tags":{"name":"Ruta Provincial 2 km 156.2 · Lezama","enforcement":"Cinemómetro","tipo":"Fijos","municipio":"Lezama","ruta":"Ruta Provincial 2","km":"156.2","sentido":"Asc","estado":"Operativo","propietario":"Provincial"},"type":"speed_camera"}},{"type":"Feature","id":"pba-D0001","geometry":{"type":"Point","coordinates":[-58.794734,-35.416227]},"properties":{"id":"pba-D0001","name":"Ruta Provincial 41 km 123.5 · Monte","tags":{"name":"Ruta Provincial 41 km 123.5 · Monte","enforcement":"Cinemómetro","tipo":"Fijos","municipio":"Monte","ruta":"Ruta Provincial 41","km":"123.5","sentido":"Asc","estado":"Pendiente De Calibración","propietario":"Provincial"},"type":"speed_camera"}},{"type":"Feature","id":"pba-D0002","geometry":{"type":"Point","coordinates":[-58.794477,-35.420284]},"properties":{"id":"pba-D0002","name":"Ruta Provincial 41 km 123.5 · Monte","tags":{"name":"Ruta Provincial 41 km 123.5 · Monte","enforcement":"Cinemómetro","tipo":"Fijos","municipio":"Monte","ruta":"Ruta Provincial 41","km":"123.5","sentido":"Desc","estado":"Pendiente De Calibración","propietario":"Provincial"},"type":"speed_camera"}},{"type":"Feature","id":"pba-D0003","geometry":{"type":"Point","coordinates":[-58.763406,-35.433572]},"properties":{"id":"pba-D0003","name":"Ruta Provincial 215 km 110.5 · Monte","tags":{"name":"Ruta Provincial 215 km 110.5 · Monte","enforcement":"Cinemómetro","tipo":"Fijos","municipio":"Monte","ruta":"Ruta Provincial 215","km":"110.5","sentido":"Asc","estado":"Pendiente De Calibración","propietario":"Provincial"},"type":"speed_camera"}},{"type":"Feature","id":"pba-D0004","geometry":{"type":"Point","coordinates":[-58.508668,-35.764691]},"properties":{"id":"pba-D0004","name":"Ruta Provincial 29 km 72.9 · General Belgrano","tags":{"name":"Ruta Provincial 29 km 72.9 · General Belgrano","enforcement":"Cinemómetro","tipo":"Fijos","municipio":"General Belgrano","ruta":"Ruta Provincial 29","km":"72.9","sentido":"Asc","estado":"Pendiente De Calibración","propietario":"Provincial"},"type":"speed_camera"}},{"type":"Feature","id":"pba-D0005","geometry":{"type":"Point","coordinates":[-57.502373,-36.313614]},"properties":{"id":"pba-D0005","name":"Ruta Provincial 63 km 13.3 · Dolores","tags":{"name":"Ruta Provincial 63 km 13.3 · Dolores","enforcement":"Cinemómetro","tipo":"Fijos","municipio":"Dolores","ruta":"Ruta Provincial 63","km":"13.3","sentido":"Asc","estado":"Operativo","propietario":"Provincial"},"type":"speed_camera"}},{"type":"Feature","id":"pba-D0006","geometry":{"type":"Point","coordinates":[-57.732337,-37.433435]},"properties":{"id":"pba-D0006","name":"Ruta Provincial 2 km 341 · Mar Chiquita","tags":{"name":"Ruta Provincial 2 km 341 · Mar Chiquita","enforcement":"Cinemómetro","tipo":"Fijos","municipio":"Mar Chiquita","ruta":"Ruta Provincial 2","km":"341","sentido":"Asc","estado":"Operativo","propietario":"Provincial"},"type":"speed_camera"}},{"type":"Feature","id":"pba-D0007","geometry":{"type":"Point","coordinates":[-58.730876,-35.405804]},"properties":{"id":"pba-D0007","name":"Ruta Provincial 215 km 106 · Monte","tags":{"name":"Ruta Provincial 215 km 106 · Monte","enforcement":"Cinemómetro","tipo":"Fijos","municipio":"Monte","ruta":"Ruta Provincial 215","km":"106","sentido":"Desc","estado":"Pendiente De Calibración","propietario":"Provincial"},"type":"speed_camera"}},{"type":"Feature","id":"pba-D0008","geometry":{"type":"Point","coordinates":[-58.50859,-35.764741]},"properties":{"id":"pba-D0008","name":"Ruta Provincial 29 km 72.9 · General Belgrano","tags":{"name":"Ruta Provincial 29 km 72.9 · General Belgrano","enforcement":"Cinemómetro","tipo":"Fijos","municipio":"General Belgrano","ruta":"Ruta Provincial 29","km":"72.9","sentido":"Desc","estado":"Pendiente De Calibración","propietario":"Provincial"},"type":"speed_camera"}},{"type":"Feature","id":"pba-D0014","geometry":{"type":"Point","coordinates":[-60.719598,-34.182558]},"properties":{"id":"pba-D0014","name":"Ruta Provincial 31 km 171.7 · Rojas","tags":{"name":"Ruta Provincial 31 km 171.7 · Rojas","enforcement":"Cinemómetro","tipo":"Fijos","municipio":"Rojas","ruta":"Ruta Provincial 31","km":"171.7","sentido":"Asc","estado":"Operativo","propietario":"Provincial"},"type":"speed_camera"}},{"type":"Feature","id":"pba-D0016","geometry":{"type":"Point","coordinates":[-60.713349,-34.188561]},"properties":{"id":"pba-D0016","name":"Ruta Provincial 31 km 170.2 · Rojas","tags":{"name":"Ruta Provincial 31 km 170.2 · Rojas","enforcement":"Cinemómetro","tipo":"Fijos","municipio":"Rojas","ruta":"Ruta Provincial 31","km":"170.2","sentido":"Desc","estado":"Operativo","propietario":"Provincial"},"type":"speed_camera"}},{"type":"Feature","id":"pba-D0017","geometry":{"type":"Point","coordinates":[-58.984149,-34.312423]},"properties":{"id":"pba-D0017","name":"Ruta Provincial 6 km 185.1 · Campana","tags":{"name":"Ruta Provincial 6 km 185.1 · Campana","enforcement":"Cinemómetro","tipo":"Fijos","municipio":"Campana","ruta":"Ruta Provincial 6","km":"185.1","sentido":"Desc","estado":"Operativo","propietario":"Provincial"},"type":"speed_camera"}},{"type":"Feature","id":"pba-D0018","geometry":{"type":"Point","coordinates":[-57.818637,-36.07616]},"properties":{"id":"pba-D0018","name":"Ruta Provincial 2 km 180 · Castelli","tags":{"name":"Ruta Provincial 2 km 180 · Castelli","enforcement":"Cinemómetro","tipo":"Fijos","municipio":"Castelli","ruta":"Ruta Provincial 2","km":"180","sentido":"Desc","estado":"Operativo","propietario":"Provincial"},"type":"speed_camera"}},{"type":"Feature","id":"pba-D0020","geometry":{"type":"Point","coordinates":[-60.241475,-34.31861]},"properties":{"id":"pba-D0020","name":"Ruta Provincial 32 km 55.3 · Salto","tags":{"name":"Ruta Provincial 32 km 55.3 · Salto","enforcement":"Cinemómetro","tipo":"Fijos","municipio":"Salto","ruta":"Ruta Provincial 32","km":"55.3","sentido":"Desc","estado":"Operativo","propietario":"Provincial"},"type":"speed_camera"}},{"type":"Feature","id":"pba-D0021","geometry":{"type":"Point","coordinates":[-57.596078,-37.902575]},"properties":{"id":"pba-D0021","name":"Ruta Provincial 2 km 395.9 · General Pueyrredón","tags":{"name":"Ruta Provincial 2 km 395.9 · General Pueyrredón","enforcement":"Cinemómetro","tipo":"Fijos","municipio":"General Pueyrredón","ruta":"Ruta Provincial 2","km":"395.9","sentido":"Desc","estado":"Pendiente De Calibración","propietario":"Provincial"},"type":"speed_camera"}},{"type":"Feature","id":"pba-D0022","geometry":{"type":"Point","coordinates":[-58.090693,-35.032968]},"properties":{"id":"pba-D0022","name":"Avenida 44 Y Calle 243 km - · La Plata","tags":{"name":"Avenida 44 Y Calle 243 km - · La Plata","enforcement":"Cinemómetro","tipo":"Fijos","municipio":"La Plata","ruta":"Avenida 44 Y Calle 243","km":"-","sentido":"Asc","estado":"Pendiente De Calibración","propietario":"Provincial"},"type":"speed_camera"}},{"type":"Feature","id":"pba-D0024","geometry":{"type":"Point","coordinates":[-60.283787,-36.979139]},"properties":{"id":"pba-D0024","name":"Ruta Provincial 51 km 456 · Olavarría","tags":{"name":"Ruta Provincial 51 km 456 · Olavarría","enforcement":"Cinemómetro","tipo":"Fijos","municipio":"Olavarría","ruta":"Ruta Provincial 51","km":"456","sentido":"Asc","estado":"Operativo","propietario":"Provincial"},"type":"speed_camera"}},{"type":"Feature","id":"pba-D0026","geometry":{"type":"Point","coordinates":[-57.103108,-37.019801]},"properties":{"id":"pba-D0026","name":"Ruta Provincial 74 km 23 · General Madariaga","tags":{"name":"Ruta Provincial 74 km 23 · General Madariaga","enforcement":"Cinemómetro","tipo":"Fijos","municipio":"General Madariaga","ruta":"Ruta Provincial 74","km":"23","sentido":"Desc","estado":"Operativo","propietario":"Provincial"},"type":"speed_camera"}},{"type":"Feature","id":"pba-D0028","geometry":{"type":"Point","coordinates":[-60.241038,-34.31836]},"properties":{"id":"pba-D0028","name":"Ruta Provincial 32 km 55.8 · Salto","tags":{"name":"Ruta Provincial 32 km 55.8 · Salto","enforcement":"Cinemómetro","tipo":"Fijos","municipio":"Salto","ruta":"Ruta Provincial 32","km":"55.8","sentido":"Asc","estado":"Operativo","propietario":"Provincial"},"type":"speed_camera"}},{"type":"Feature","id":"pba-D0029","geometry":{"type":"Point","coordinates":[-60.283449,-36.978889]},"properties":{"id":"pba-D0029","name":"Ruta Provincial 51 km 456 · Olavarría","tags":{"name":"Ruta Provincial 51 km 456 · Olavarría","enforcement":"Cinemómetro","tipo":"Fijos","municipio":"Olavarría","ruta":"Ruta Provincial 51","km":"456","sentido":"Desc","estado":"Operativo","propietario":"Provincial"},"type":"speed_camera"}},{"type":"Feature","id":"pba-D0031","geometry":{"type":"Point","coordinates":[-57.102721,-37.018842]},"properties":{"id":"pba-D0031","name":"Ruta Provincial 74 km 23 · General Madariaga","tags":{"name":"Ruta Provincial 74 km 23 · General Madariaga","enforcement":"Cinemómetro","tipo":"Fijos","municipio":"General Madariaga","ruta":"Ruta Provincial 74","km":"23","sentido":"Desc","estado":"Operativo","propietario":"Provincial"},"type":"speed_camera"}},{"type":"Feature","id":"pba-D0032","geometry":{"type":"Point","coordinates":[-57.819131,-36.076282]},"properties":{"id":"pba-D0032","name":"Ruta Provincial 2 km 180 · Castelli","tags":{"name":"Ruta Provincial 2 km 180 · Castelli","enforcement":"Cinemómetro","tipo":"Fijos","municipio":"Castelli","ruta":"Ruta Provincial 2","km":"180","sentido":"Asc","estado":"Operativo","propietario":"Provincial"},"type":"speed_camera"}},{"type":"Feature","id":"pba-D0033","geometry":{"type":"Point","coordinates":[-58.960008,-34.92371]},"properties":{"id":"pba-D0033","name":"Ruta Provincial 40 km 34.8 · General Las Heras","tags":{"name":"Ruta Provincial 40 km 34.8 · General Las Heras","enforcement":"Cinemómetro","tipo":"Fijos","municipio":"General Las Heras","ruta":"Ruta Provincial 40","km":"34.8","sentido":"Desc","estado":"Pendiente De Calibración","propietario":"Provincial"},"type":"speed_camera"}},{"type":"Feature","id":"pba-D0034","geometry":{"type":"Point","coordinates":[-58.941486,-34.580751]},"properties":{"id":"pba-D0034","name":"Ruta Provincial 28 km 2.2 · General Rodríguez","tags":{"name":"Ruta Provincial 28 km 2.2 · General Rodríguez","enforcement":"Cinemómetro","tipo":"Fijos","municipio":"General Rodríguez","ruta":"Ruta Provincial 28","km":"2.2","sentido":"Asc","estado":"Pendiente De Calibración","propietario":"Provincial"},"type":"speed_camera"}},{"type":"Feature","id":"pba-D0035","geometry":{"type":"Point","coordinates":[-58.984467,-34.312615]},"properties":{"id":"pba-D0035","name":"Ruta Provincial 6 km 185.1 · Campana","tags":{"name":"Ruta Provincial 6 km 185.1 · Campana","enforcement":"Cinemómetro","tipo":"Fijos","municipio":"Campana","ruta":"Ruta Provincial 6","km":"185.1","sentido":"Desc","estado":"Operativo","propietario":"Provincial"},"type":"speed_camera"}},{"type":"Feature","id":"pba-D0036","geometry":{"type":"Point","coordinates":[-57.104267,-37.01867]},"properties":{"id":"pba-D0036","name":"Ruta Provincial 74 km 23 · General Madariaga","tags":{"name":"Ruta Provincial 74 km 23 · General Madariaga","enforcement":"Cinemómetro","tipo":"Fijos","municipio":"General Madariaga","ruta":"Ruta Provincial 74","km":"23","sentido":"Asc","estado":"Operativo","propietario":"Provincial"},"type":"speed_camera"}},{"type":"Feature","id":"pba-D0037","geometry":{"type":"Point","coordinates":[-56.716905,-36.543781]},"properties":{"id":"pba-D0037","name":"Ruta Provincial 11 km 326.8 · General Lavalle","tags":{"name":"Ruta Provincial 11 km 326.8 · General Lavalle","enforcement":"Cinemómetro","tipo":"Fijos","municipio":"General Lavalle","ruta":"Ruta Provincial 11","km":"326.8","sentido":"Asc","estado":"Pendiente De Calibración","propietario":"Provincial"},"type":"speed_camera"}},{"type":"Feature","id":"pba-D0038","geometry":{"type":"Point","coordinates":[-56.715087,-36.474922]},"properties":{"id":"pba-D0038","name":"Ruta Provincial 11 km 317.7 · General Lavalle","tags":{"name":"Ruta Provincial 11 km 317.7 · General Lavalle","enforcement":"Cinemómetro","tipo":"Fijos","municipio":"General Lavalle","ruta":"Ruta Provincial 11","km":"317.7","sentido":"Asc","estado":"Pendiente De Calibración","propietario":"Provincial"},"type":"speed_camera"}},{"type":"Feature","id":"pba-D0039","geometry":{"type":"Point","coordinates":[-58.957776,-34.921106]},"properties":{"id":"pba-D0039","name":"Ruta Provincial 40 km 34.8 · General Las Heras","tags":{"name":"Ruta Provincial 40 km 34.8 · General Las Heras","enforcement":"Cinemómetro","tipo":"Fijos","municipio":"General Las Heras","ruta":"Ruta Provincial 40","km":"34.8","sentido":"Asc","estado":"Pendiente De Calibración","propietario":"Provincial"},"type":"speed_camera"}},{"type":"Feature","id":"pba-D0040","geometry":{"type":"Point","coordinates":[-57.732062,-37.433179]},"properties":{"id":"pba-D0040","name":"Ruta Provincial 2 km 341 · Mar Chiquita","tags":{"name":"Ruta Provincial 2 km 341 · Mar Chiquita","enforcement":"Cinemómetro","tipo":"Fijos","municipio":"Mar Chiquita","ruta":"Ruta Provincial 2","km":"341","sentido":"Desc","estado":"Operativo","propietario":"Provincial"},"type":"speed_camera"}},{"type":"Feature","id":"pba-D0041","geometry":{"type":"Point","coordinates":[-57.104181,-37.019732]},"properties":{"id":"pba-D0041","name":"Ruta Provincial 74 km 23 · General Madariaga","tags":{"name":"Ruta Provincial 74 km 23 · General Madariaga","enforcement":"Cinemómetro","tipo":"Fijos","municipio":"General Madariaga","ruta":"Ruta Provincial 74","km":"23","sentido":"Asc","estado":"Operativo","propietario":"Provincial"},"type":"speed_camera"}},{"type":"Feature","id":"pba-D0042","geometry":{"type":"Point","coordinates":[-57.593664,-37.913559]},"properties":{"id":"pba-D0042","name":"Ruta Provincial 2 km 396.1 · General Pueyrredón","tags":{"name":"Ruta Provincial 2 km 396.1 · General Pueyrredón","enforcement":"Cinemómetro","tipo":"Fijos","municipio":"General Pueyrredón","ruta":"Ruta Provincial 2","km":"396.1","sentido":"Asc","estado":"Pendiente De Calibración","propietario":"Provincial"},"type":"speed_camera"}},{"type":"Feature","id":"pba-D0043","geometry":{"type":"Point","coordinates":[-57.597709,-37.902762]},"properties":{"id":"pba-D0043","name":"Ruta Provincial 2 km 395.9 · General Pueyrredón","tags":{"name":"Ruta Provincial 2 km 395.9 · General Pueyrredón","enforcement":"Cinemómetro","tipo":"Fijos","municipio":"General Pueyrredón","ruta":"Ruta Provincial 2","km":"395.9","sentido":"Desc","estado":"Pendiente De Calibración","propietario":"Provincial"},"type":"speed_camera"}},{"type":"Feature","id":"pba-D0044","geometry":{"type":"Point","coordinates":[-57.065814,-37.038097]},"properties":{"id":"pba-D0044","name":"Ruta Provincial 74 km 18.2 · General Madariaga","tags":{"name":"Ruta Provincial 74 km 18.2 · General Madariaga","enforcement":"Cinemómetro","tipo":"Fijos","municipio":"General Madariaga","ruta":"Ruta Provincial 74","km":"18.2","sentido":"Asc","estado":"Operativo","propietario":"Provincial"},"type":"speed_camera"}},{"type":"Feature","id":"pba-D0046","geometry":{"type":"Point","coordinates":[-56.715868,-36.560595]},"properties":{"id":"pba-D0046","name":"Ruta Provincial 11 km 326.8 · La Costa","tags":{"name":"Ruta Provincial 11 km 326.8 · La Costa","enforcement":"Cinemómetro","tipo":"Fijos","municipio":"La Costa","ruta":"Ruta Provincial 11","km":"326.8","sentido":"Desc","estado":"Pendiente De Calibración","propietario":"Provincial"},"type":"speed_camera"}},{"type":"Feature","id":"pba-D0047","geometry":{"type":"Point","coordinates":[-58.089567,-35.033706]},"properties":{"id":"pba-D0047","name":"Avenida 44 Y Calle 243 km - · La Plata","tags":{"name":"Avenida 44 Y Calle 243 km - · La Plata","enforcement":"Cinemómetro","tipo":"Fijos","municipio":"La Plata","ruta":"Avenida 44 Y Calle 243","km":"-","sentido":"Desc","estado":"Pendiente De Calibración","propietario":"Provincial"},"type":"speed_camera"}},{"type":"Feature","id":"pba-D0048","geometry":{"type":"Point","coordinates":[-58.984259,-34.31268]},"properties":{"id":"pba-D0048","name":"Ruta Provincial 6 km 185.1 · Campana","tags":{"name":"Ruta Provincial 6 km 185.1 · Campana","enforcement":"Cinemómetro","tipo":"Fijos","municipio":"Campana","ruta":"Ruta Provincial 6","km":"185.1","sentido":"Asc","estado":"Operativo","propietario":"Provincial"},"type":"speed_camera"}},{"type":"Feature","id":"pba-D0049","geometry":{"type":"Point","coordinates":[-58.017452,-36.052226]},"properties":{"id":"pba-D0049","name":"Ruta Provincial 41 km 277.2 · San Antonio Areco","tags":{"name":"Ruta Provincial 41 km 277.2 · San Antonio Areco","enforcement":"Cinemómetro","tipo":"Fijos","municipio":"San Antonio Areco","ruta":"Ruta Provincial 41","km":"277.2","sentido":"Asc","estado":"Pendiente De Calibración","propietario":"Provincial"},"type":"speed_camera"}},{"type":"Feature","id":"pba-D0050","geometry":{"type":"Point","coordinates":[-58.010671,-36.053858]},"properties":{"id":"pba-D0050","name":"Ruta Provincial 41 km 277.7 · San Antonio Areco","tags":{"name":"Ruta Provincial 41 km 277.7 · San Antonio Areco","enforcement":"Cinemómetro","tipo":"Fijos","municipio":"San Antonio Areco","ruta":"Ruta Provincial 41","km":"277.7","sentido":"Desc","estado":"Operativo","propietario":"Provincial"},"type":"speed_camera"}},{"type":"Feature","id":"pba-NEO_015","geometry":{"type":"Point","coordinates":[-57.3059,-36.501773]},"properties":{"id":"pba-NEO_015","name":"Ruta Provincial 11 km 249.4 · Tordillo","tags":{"name":"Ruta Provincial 11 km 249.4 · Tordillo","enforcement":"Cinemómetro","tipo":"Fijos","municipio":"Tordillo","ruta":"Ruta Provincial 11","km":"249.4","sentido":"Asc","estado":"Operativo","propietario":"Provincial"},"type":"speed_camera"}},{"type":"Feature","id":"pba-NEO_016","geometry":{"type":"Point","coordinates":[-58.081544,-35.075845]},"properties":{"id":"pba-NEO_016","name":"Ruta Provincial 2 km 52 · La Plata","tags":{"name":"Ruta Provincial 2 km 52 · La Plata","enforcement":"Cinemómetro","tipo":"Fijos","municipio":"La Plata","ruta":"Ruta Provincial 2","km":"52","sentido":"Desc","estado":"Pendiente De Calibración","propietario":"Provincial"},"type":"speed_camera"}},{"type":"Feature","id":"pba-NEO_017","geometry":{"type":"Point","coordinates":[-57.305471,-36.501505]},"properties":{"id":"pba-NEO_017","name":"Ruta Provincial 11 km 249.4 · Tordillo","tags":{"name":"Ruta Provincial 11 km 249.4 · Tordillo","enforcement":"Cinemómetro","tipo":"Fijos","municipio":"Tordillo","ruta":"Ruta Provincial 11","km":"249.4","sentido":"Desc","estado":"Operativo","propietario":"Provincial"},"type":"speed_camera"}},{"type":"Feature","id":"pba-NEO_018","geometry":{"type":"Point","coordinates":[-58.079656,-35.074824]},"properties":{"id":"pba-NEO_018","name":"Ruta Provincial 2 km 52 · La Plata","tags":{"name":"Ruta Provincial 2 km 52 · La Plata","enforcement":"Cinemómetro","tipo":"Fijos","municipio":"La Plata","ruta":"Ruta Provincial 2","km":"52","sentido":"Asc","estado":"Pendiente De Calibración","propietario":"Provincial"},"type":"speed_camera"}},{"type":"Feature","id":"pba-NEO_020","geometry":{"type":"Point","coordinates":[-59.012134,-34.131064]},"properties":{"id":"pba-NEO_020","name":"Ruta Provincial 6 km 83.5 · Zárate","tags":{"name":"Ruta Provincial 6 km 83.5 · Zárate","enforcement":"Cinemómetro","tipo":"Fijos","municipio":"Zárate","ruta":"Ruta Provincial 6","km":"83.5","sentido":"Asc","estado":"Operativo","propietario":"Provincial"},"type":"speed_camera"}},{"type":"Feature","id":"pba-NEO_021","geometry":{"type":"Point","coordinates":[-59.012434,-34.131206]},"properties":{"id":"pba-NEO_021","name":"Ruta Provincial 6 km 83.5 · Zárate","tags":{"name":"Ruta Provincial 6 km 83.5 · Zárate","enforcement":"Cinemómetro","tipo":"Fijos","municipio":"Zárate","ruta":"Ruta Provincial 6","km":"83.5","sentido":"Desc","estado":"Operativo","propietario":"Provincial"},"type":"speed_camera"}},{"type":"Feature","id":"pba-NEO_022","geometry":{"type":"Point","coordinates":[-58.762049,-34.602754]},"properties":{"id":"pba-NEO_022","name":"Ruta Provincial 23 Y Pinto km - · Moreno","tags":{"name":"Ruta Provincial 23 Y Pinto km - · Moreno","enforcement":"Cinemómetro","tipo":"Fijos","municipio":"Moreno","ruta":"Ruta Provincial 23 Y Pinto","km":"-","sentido":"Asc","estado":"Operativo","propietario":"Provincial"},"type":"speed_camera"}},{"type":"Feature","id":"pba-NEO_023","geometry":{"type":"Point","coordinates":[-58.761974,-34.602904]},"properties":{"id":"pba-NEO_023","name":"Ruta Provincial 23 Y Pinto km - · Moreno","tags":{"name":"Ruta Provincial 23 Y Pinto km - · Moreno","enforcement":"Cinemómetro","tipo":"Fijos","municipio":"Moreno","ruta":"Ruta Provincial 23 Y Pinto","km":"-","sentido":"Desc","estado":"Operativo","propietario":"Provincial"},"type":"speed_camera"}},{"type":"Feature","id":"pba-NEO_024","geometry":{"type":"Point","coordinates":[-58.532647,-34.457673]},"properties":{"id":"pba-NEO_024","name":"Avenida Centenario km 2315 · San Isidro","tags":{"name":"Avenida Centenario km 2315 · San Isidro","enforcement":"Cinemómetro","tipo":"Fijos","municipio":"San Isidro","ruta":"Avenida Centenario","km":"2315","sentido":"Asc","estado":"Operativo","propietario":"Provincial"},"type":"speed_camera"}},{"type":"Feature","id":"pba-NEO_025","geometry":{"type":"Point","coordinates":[-58.066855,-34.840773]},"properties":{"id":"pba-NEO_025","name":"Autopista  (Bs As - La Plata) km 41.5 · La Plata","tags":{"name":"Autopista  (Bs As - La Plata) km 41.5 · La Plata","enforcement":"Cinemómetro","tipo":"Fijos","municipio":"La Plata","ruta":"Autopista  (Bs As - La Plata)","km":"41.5","sentido":"Asc","estado":"Operativo","propietario":"Provincial"},"type":"speed_camera"}},{"type":"Feature","id":"pba-NEO_026","geometry":{"type":"Point","coordinates":[-58.066469,-34.839945]},"properties":{"id":"pba-NEO_026","name":"Autopista  (Bs As - La Plata) km 41.5 · La Plata","tags":{"name":"Autopista  (Bs As - La Plata) km 41.5 · La Plata","enforcement":"Cinemómetro","tipo":"Fijos","municipio":"La Plata","ruta":"Autopista  (Bs As - La Plata)","km":"41.5","sentido":"Desc","estado":"Operativo","propietario":"Provincial"},"type":"speed_camera"}},{"type":"Feature","id":"pba-NEO_027","geometry":{"type":"Point","coordinates":[-58.163061,-34.799785]},"properties":{"id":"pba-NEO_027","name":"Autopista  (Bs. As.-M. Del Plata) km 33.8 · Berazategui","tags":{"name":"Autopista  (Bs. As.-M. Del Plata) km 33.8 · Berazategui","enforcement":"Cinemómetro","tipo":"Fijos","municipio":"Berazategui","ruta":"Autopista  (Bs. As.-M. Del Plata)","km":"33.8","sentido":"Asc","estado":"Operativo","propietario":"Provincial"},"type":"speed_camera"}},{"type":"Feature","id":"pba-NEO_0028","geometry":{"type":"Point","coordinates":[-58.274759,-34.702849]},"properties":{"id":"pba-NEO_0028","name":"Autopista  (Bs As - La Plata) km 17 · Quilmes","tags":{"name":"Autopista  (Bs As - La Plata) km 17 · Quilmes","enforcement":"Cinemómetro","tipo":"Fijos","municipio":"Quilmes","ruta":"Autopista  (Bs As - La Plata)","km":"17","sentido":"Desc","estado":"Operativo","propietario":"Provincial"},"type":"speed_camera"}},{"type":"Feature","id":"pba-NEO_029","geometry":{"type":"Point","coordinates":[-58.27261,-34.701991]},"properties":{"id":"pba-NEO_029","name":"Autopista  (Bs As - La Plata) km 17 · Quilmes","tags":{"name":"Autopista  (Bs As - La Plata) km 17 · Quilmes","enforcement":"Cinemómetro","tipo":"Fijos","municipio":"Quilmes","ruta":"Autopista  (Bs As - La Plata)","km":"17","sentido":"Asc","estado":"Operativo","propietario":"Provincial"},"type":"speed_camera"}},{"type":"Feature","id":"pba-NEO_030","geometry":{"type":"Point","coordinates":[-58.163117,-34.799707]},"properties":{"id":"pba-NEO_030","name":"Autopista  (Bs. As.-M. Del Plata) km 33.5 · Berazategui","tags":{"name":"Autopista  (Bs. As.-M. Del Plata) km 33.5 · Berazategui","enforcement":"Cinemómetro","tipo":"Fijos","municipio":"Berazategui","ruta":"Autopista  (Bs. As.-M. Del Plata)","km":"33.5","sentido":"Desc","estado":"Operativo","propietario":"Provincial"},"type":"speed_camera"}},{"type":"Feature","id":"pba-NEO_031","geometry":{"type":"Point","coordinates":[-58.628679,-34.556538]},"properties":{"id":"pba-NEO_031","name":"Camino Del Buen Ayre km 9.7 · Tres De Febrero","tags":{"name":"Camino Del Buen Ayre km 9.7 · Tres De Febrero","enforcement":"Cinemómetro","tipo":"Fijos","municipio":"Tres De Febrero","ruta":"Camino Del Buen Ayre","km":"9.7","sentido":"Desc","estado":"Pendiente De Calibración","propietario":"Provincial"},"type":"speed_camera"}},{"type":"Feature","id":"pba-NEO_032","geometry":{"type":"Point","coordinates":[-58.626104,-34.55735]},"properties":{"id":"pba-NEO_032","name":"Camino Del Buen Ayre km 9.7 · Tres De Febrero","tags":{"name":"Camino Del Buen Ayre km 9.7 · Tres De Febrero","enforcement":"Cinemómetro","tipo":"Fijos","municipio":"Tres De Febrero","ruta":"Camino Del Buen Ayre","km":"9.7","sentido":"Asc","estado":"Pendiente De Calibración","propietario":"Provincial"},"type":"speed_camera"}},{"type":"Feature","id":"pba-NEO_033","geometry":{"type":"Point","coordinates":[-60.954447,-34.605789]},"properties":{"id":"pba-NEO_033","name":"Avenida Circunval. Y Sampayo km - · Junín","tags":{"name":"Avenida Circunval. Y Sampayo km - · Junín","enforcement":"Cinemómetro","tipo":"Fijos","municipio":"Junín","ruta":"Avenida Circunval. Y Sampayo","km":"-","sentido":"Asc","estado":"Operativo","propietario":"Provincial"},"type":"speed_camera"}},{"type":"Feature","id":"pba-NEO_034","geometry":{"type":"Point","coordinates":[-58.049623,-35.426432]},"properties":{"id":"pba-NEO_034","name":"Ruta Provincial 2 km 103.5 · Chascomús","tags":{"name":"Ruta Provincial 2 km 103.5 · Chascomús","enforcement":"Cinemómetro","tipo":"Fijos","municipio":"Chascomús","ruta":"Ruta Provincial 2","km":"103.5","sentido":"Desc","estado":"Pendiente De Calibración","propietario":"Provincial"},"type":"speed_camera"}},{"type":"Feature","id":"pba-C0044","geometry":{"type":"Point","coordinates":[-60.528865,-35.068536]},"properties":{"id":"pba-C0044","name":"Ruta Provincial 46 km 51.2 · Bragado","tags":{"name":"Ruta Provincial 46 km 51.2 · Bragado","enforcement":"Cinemómetro","tipo":"Fijos","municipio":"Bragado","ruta":"Ruta Provincial 46","km":"51.2","sentido":"Desc","estado":"Operativo","propietario":"Provincial"},"type":"speed_camera"}},{"type":"Feature","id":"pba-DTV2_010","geometry":{"type":"Point","coordinates":[-58.513371,-34.722523]},"properties":{"id":"pba-DTV2_010","name":"Ruta Provincial 4 Y Autopista Richieri km - · La Matanza","tags":{"name":"Ruta Provincial 4 Y Autopista Richieri km - · La Matanza","enforcement":"Control De Luces","tipo":"Fijos","municipio":"La Matanza","ruta":"Ruta Provincial 4 Y Autopista Richieri","km":"-","sentido":"Asc","estado":"No Requiere Calibración","propietario":"Provincial"},"type":"speed_camera"}},{"type":"Feature","id":"pba-DTV2_011","geometry":{"type":"Point","coordinates":[-58.560502,-34.685539]},"properties":{"id":"pba-DTV2_011","name":"Ruta Provincial 4 Y Ruta Nacional 3 km - · La Matanza","tags":{"name":"Ruta Provincial 4 Y Ruta Nacional 3 km - · La Matanza","enforcement":"Control De Luces","tipo":"Fijos","municipio":"La Matanza","ruta":"Ruta Provincial 4 Y Ruta Nacional 3","km":"-","sentido":"Desc","estado":"No Requiere Calibración","propietario":"Provincial"},"type":"speed_camera"}},{"type":"Feature","id":"pba-DTV2_012","geometry":{"type":"Point","coordinates":[-58.560717,-34.684587]},"properties":{"id":"pba-DTV2_012","name":"Ruta Nacional 3 Y Ruta Provincial 4 km - · La Matanza","tags":{"name":"Ruta Nacional 3 Y Ruta Provincial 4 km - · La Matanza","enforcement":"Control De Luces","tipo":"Fijos","municipio":"La Matanza","ruta":"Ruta Nacional 3 Y Ruta Provincial 4","km":"-","sentido":"Asc","estado":"No Requiere Calibración","propietario":"Provincial"},"type":"speed_camera"}},{"type":"Feature","id":"pba-DTV2_014","geometry":{"type":"Point","coordinates":[-57.690137,-36.295585]},"properties":{"id":"pba-DTV2_014","name":"Ruta Provincial 63 km 0.55 · Dolores","tags":{"name":"Ruta Provincial 63 km 0.55 · Dolores","enforcement":"Control De Luces","tipo":"Fijos","municipio":"Dolores","ruta":"Ruta Provincial 63","km":"0.55","sentido":"Desc","estado":"No Requiere Calibración","propietario":"Provincial"},"type":"speed_camera"}},{"type":"Feature","id":"pba-DTV2_015","geometry":{"type":"Point","coordinates":[-57.690207,-36.295727]},"properties":{"id":"pba-DTV2_015","name":"Ruta Provincial 63 km 0.55 · Dolores","tags":{"name":"Ruta Provincial 63 km 0.55 · Dolores","enforcement":"Control De Luces","tipo":"Fijos","municipio":"Dolores","ruta":"Ruta Provincial 63","km":"0.55","sentido":"Asc","estado":"No Requiere Calibración","propietario":"Provincial"},"type":"speed_camera"}},{"type":"Feature","id":"pba-DTV2_016","geometry":{"type":"Point","coordinates":[-58.964004,-34.239121]},"properties":{"id":"pba-DTV2_016","name":"Ruta Provincial 6 km 194 · Campana","tags":{"name":"Ruta Provincial 6 km 194 · Campana","enforcement":"Control De Luces","tipo":"Fijos","municipio":"Campana","ruta":"Ruta Provincial 6","km":"194","sentido":"Asc","estado":"No Requiere Calibración","propietario":"Provincial"},"type":"speed_camera"}},{"type":"Feature","id":"pba-DTV2_017","geometry":{"type":"Point","coordinates":[-58.96416,-34.239068]},"properties":{"id":"pba-DTV2_017","name":"Ruta Provincial 6 km 194 · Campana","tags":{"name":"Ruta Provincial 6 km 194 · Campana","enforcement":"Control De Luces","tipo":"Fijos","municipio":"Campana","ruta":"Ruta Provincial 6","km":"194","sentido":"Desc","estado":"No Requiere Calibración","propietario":"Provincial"},"type":"speed_camera"}},{"type":"Feature","id":"pba-DTV2_018","geometry":{"type":"Point","coordinates":[-57.895551,-35.874507]},"properties":{"id":"pba-DTV2_018","name":"Ruta Provincial 2 km 156.2 · Lezama","tags":{"name":"Ruta Provincial 2 km 156.2 · Lezama","enforcement":"Control De Luces","tipo":"Fijos","municipio":"Lezama","ruta":"Ruta Provincial 2","km":"156.2","sentido":"Asc","estado":"No Requiere Calibración","propietario":"Provincial"},"type":"speed_camera"}},{"type":"Feature","id":"pba-DTV2_019","geometry":{"type":"Point","coordinates":[-57.895358,-35.874459]},"properties":{"id":"pba-DTV2_019","name":"Ruta Provincial 2 km 156.2 · Lezama","tags":{"name":"Ruta Provincial 2 km 156.2 · Lezama","enforcement":"Control De Luces","tipo":"Fijos","municipio":"Lezama","ruta":"Ruta Provincial 2","km":"156.2","sentido":"Desc","estado":"No Requiere Calibración","propietario":"Provincial"},"type":"speed_camera"}},{"type":"Feature","id":"pba-DTV2_020","geometry":{"type":"Point","coordinates":[-58.817756,-35.446289]},"properties":{"id":"pba-DTV2_020","name":"Ruta Provincial 3 km 110.5 · Monte","tags":{"name":"Ruta Provincial 3 km 110.5 · Monte","enforcement":"Control De Luces","tipo":"Fijos","municipio":"Monte","ruta":"Ruta Provincial 3","km":"110.5","sentido":"Asc","estado":"No Requiere Calibración","propietario":"Provincial"},"type":"speed_camera"}},{"type":"Feature","id":"pba-DTV2_021","geometry":{"type":"Point","coordinates":[-58.817612,-35.446393]},"properties":{"id":"pba-DTV2_021","name":"Ruta Nacional 3 km 110.5 · Monte","tags":{"name":"Ruta Nacional 3 km 110.5 · Monte","enforcement":"Control De Luces","tipo":"Fijos","municipio":"Monte","ruta":"Ruta Nacional 3","km":"110.5","sentido":"Desc","estado":"No Requiere Calibración","propietario":"Provincial"},"type":"speed_camera"}},{"type":"Feature","id":"pba-DTV2_022","geometry":{"type":"Point","coordinates":[-59.037592,-34.521309]},"properties":{"id":"pba-DTV2_022","name":"Ruta Provincial 6 km 159.3 · Luján","tags":{"name":"Ruta Provincial 6 km 159.3 · Luján","enforcement":"Control De Luces","tipo":"Fijos","municipio":"Luján","ruta":"Ruta Provincial 6","km":"159.3","sentido":"Asc","estado":"No Requiere Calibración","propietario":"Provincial"},"type":"speed_camera"}},{"type":"Feature","id":"pba-DTV2_023","geometry":{"type":"Point","coordinates":[-59.037763,-34.521295]},"properties":{"id":"pba-DTV2_023","name":"Ruta Provincial 6 km 159.3 · Luján","tags":{"name":"Ruta Provincial 6 km 159.3 · Luján","enforcement":"Control De Luces","tipo":"Fijos","municipio":"Luján","ruta":"Ruta Provincial 6","km":"159.3","sentido":"Desc","estado":"No Requiere Calibración","propietario":"Provincial"},"type":"speed_camera"}},{"type":"Feature","id":"pba-DTV2_026","geometry":{"type":"Point","coordinates":[-57.811759,-36.093234]},"properties":{"id":"pba-DTV2_026","name":"Ruta Provincial 2 km 182 · Castelli","tags":{"name":"Ruta Provincial 2 km 182 · Castelli","enforcement":"Control De Luces","tipo":"Fijos","municipio":"Castelli","ruta":"Ruta Provincial 2","km":"182","sentido":"Asc","estado":"No Requiere Calibración","propietario":"Provincial"},"type":"speed_camera"}},{"type":"Feature","id":"pba-DTV2_027","geometry":{"type":"Point","coordinates":[-57.811158,-36.093]},"properties":{"id":"pba-DTV2_027","name":"Ruta Provincial 2 km 182 · Castelli","tags":{"name":"Ruta Provincial 2 km 182 · Castelli","enforcement":"Control De Luces","tipo":"Fijos","municipio":"Castelli","ruta":"Ruta Provincial 2","km":"182","sentido":"Desc","estado":"No Requiere Calibración","propietario":"Provincial"},"type":"speed_camera"}},{"type":"Feature","id":"pba-DTV2_028","geometry":{"type":"Point","coordinates":[-58.827908,-34.948772]},"properties":{"id":"pba-DTV2_028","name":"Ruta Provincial 6 km 107.3 · General Las Heras","tags":{"name":"Ruta Provincial 6 km 107.3 · General Las Heras","enforcement":"Control De Luces","tipo":"Fijos","municipio":"General Las Heras","ruta":"Ruta Provincial 6","km":"107.3","sentido":"Asc","estado":"No Requiere Calibración","propietario":"Provincial"},"type":"speed_camera"}},{"type":"Feature","id":"pba-DTV2_029","geometry":{"type":"Point","coordinates":[-58.827618,-34.948756]},"properties":{"id":"pba-DTV2_029","name":"Ruta Provincial 6 km 107.3 · General Las Heras","tags":{"name":"Ruta Provincial 6 km 107.3 · General Las Heras","enforcement":"Control De Luces","tipo":"Fijos","municipio":"General Las Heras","ruta":"Ruta Provincial 6","km":"107.3","sentido":"Desc","estado":"No Requiere Calibración","propietario":"Provincial"},"type":"speed_camera"}},{"type":"Feature","id":"pba-DTV2_24","geometry":{"type":"Point","coordinates":[-59.450888,-34.264687]},"properties":{"id":"pba-DTV2_24","name":"Ruta Provincial 41 km 277.7 · San Antonio De Areco","tags":{"name":"Ruta Provincial 41 km 277.7 · San Antonio De Areco","enforcement":"Control De Luces","tipo":"Fijos","municipio":"San Antonio De Areco","ruta":"Ruta Provincial 41","km":"277.7","sentido":"Desc","estado":"No Requiere Calibración","propietario":"Provincial"},"type":"speed_camera"}},{"type":"Feature","id":"pba-DTV2_25","geometry":{"type":"Point","coordinates":[-59.450712,-34.264784]},"properties":{"id":"pba-DTV2_25","name":"Ruta Provincial 41 km 277.2 · San Antonio De Areco","tags":{"name":"Ruta Provincial 41 km 277.2 · San Antonio De Areco","enforcement":"Control De Luces","tipo":"Fijos","municipio":"San Antonio De Areco","ruta":"Ruta Provincial 41","km":"277.2","sentido":"Asc","estado":"No Requiere Calibración","propietario":"Provincial"},"type":"speed_camera"}},{"type":"Feature","id":"pba-ENFORCER_022","geometry":{"type":"Point","coordinates":[-59.122855,-34.382954]},"properties":{"id":"pba-ENFORCER_022","name":"Ruta Provincial 192 km 21 · Exaltación de la Cruz","tags":{"name":"Ruta Provincial 192 km 21 · Exaltación de la Cruz","enforcement":"Cinemómetro","tipo":"Fijos","municipio":"Exaltación de la Cruz","ruta":"Ruta Provincial 192","km":"21","sentido":"Asc","estado":"Operativo","propietario":"Provincial"},"type":"speed_camera"}},{"type":"Feature","id":"pba-ENFORCER_025","geometry":{"type":"Point","coordinates":[-59.122977,-34.382954]},"properties":{"id":"pba-ENFORCER_025","name":"Ruta Provincial 192 km 21.1 · Exaltación de la Cruz","tags":{"name":"Ruta Provincial 192 km 21.1 · Exaltación de la Cruz","enforcement":"Cinemómetro","tipo":"Fijos","municipio":"Exaltación de la Cruz","ruta":"Ruta Provincial 192","km":"21.1","sentido":"Desc","estado":"Operativo","propietario":"Provincial"},"type":"speed_camera"}},{"type":"Feature","id":"pba-ENFORCER_028","geometry":{"type":"Point","coordinates":[-59.078498,-36.773975]},"properties":{"id":"pba-ENFORCER_028","name":"Ruta Provincial 30 km 191.7 · Rauch","tags":{"name":"Ruta Provincial 30 km 191.7 · Rauch","enforcement":"Cinemómetro","tipo":"Fijos","municipio":"Rauch","ruta":"Ruta Provincial 30","km":"191.7","sentido":"Asc","estado":"Operativo","propietario":"Provincial"},"type":"speed_camera"}},{"type":"Feature","id":"pba-ENFORCER_029","geometry":{"type":"Point","coordinates":[-59.078219,-36.773829]},"properties":{"id":"pba-ENFORCER_029","name":"Ruta Provincial 30 km 191.7 · Rauch","tags":{"name":"Ruta Provincial 30 km 191.7 · Rauch","enforcement":"Cinemómetro","tipo":"Fijos","municipio":"Rauch","ruta":"Ruta Provincial 30","km":"191.7","sentido":"Desc","estado":"Operativo","propietario":"Provincial"},"type":"speed_camera"}},{"type":"Feature","id":"pba-ENFORCER_034","geometry":{"type":"Point","coordinates":[-60.422343,-34.62607]},"properties":{"id":"pba-ENFORCER_034","name":"Ruta Provincial 30 km - · Chacabuco","tags":{"name":"Ruta Provincial 30 km - · Chacabuco","enforcement":"Cinemómetro","tipo":"Fijos","municipio":"Chacabuco","ruta":"Ruta Provincial 30","km":"-","sentido":"Asc","estado":"Operativo","propietario":"Provincial"},"type":"speed_camera"}},{"type":"Feature","id":"pba-ENFORCER_036","geometry":{"type":"Point","coordinates":[-58.0916,-35.033679]},"properties":{"id":"pba-ENFORCER_036","name":"Avenida 44 Y Calle 243 km - · La Plata","tags":{"name":"Avenida 44 Y Calle 243 km - · La Plata","enforcement":"Cinemómetro","tipo":"Fijos","municipio":"La Plata","ruta":"Avenida 44 Y Calle 243","km":"-","sentido":"Desc","estado":"Pendiente Calibración","propietario":"Provincial"},"type":"speed_camera"}},{"type":"Feature","id":"pba-ENFORCER_042","geometry":{"type":"Point","coordinates":[-57.267678,-35.592944]},"properties":{"id":"pba-ENFORCER_042","name":"Ruta Provincial 11 km 142.7 · Punta Indio","tags":{"name":"Ruta Provincial 11 km 142.7 · Punta Indio","enforcement":"Cinemómetro","tipo":"Fijos","municipio":"Punta Indio","ruta":"Ruta Provincial 11","km":"142.7","sentido":"-","estado":"Operativo","propietario":"Provincial"},"type":"speed_camera"}},{"type":"Feature","id":"pba-ENFORCER_043","geometry":{"type":"Point","coordinates":[-57.267377,-35.593136]},"properties":{"id":"pba-ENFORCER_043","name":"Ruta Provincial 11 km 142.7 · Punta Indio","tags":{"name":"Ruta Provincial 11 km 142.7 · Punta Indio","enforcement":"Cinemómetro","tipo":"Fijos","municipio":"Punta Indio","ruta":"Ruta Provincial 11","km":"142.7","sentido":"-","estado":"Operativo","propietario":"Provincial"},"type":"speed_camera"}},{"type":"Feature","id":"pba-ENFORCER_048","geometry":{"type":"Point","coordinates":[-59.304358,-35.016513]},"properties":{"id":"pba-ENFORCER_048","name":"Ruta Provincial 41 km 192 · Navarro","tags":{"name":"Ruta Provincial 41 km 192 · Navarro","enforcement":"Cinemómetro","tipo":"Fijos","municipio":"Navarro","ruta":"Ruta Provincial 41","km":"192","sentido":"-","estado":"Operativo","propietario":"Provincial"},"type":"speed_camera"}},{"type":"Feature","id":"pba-ENFORCER_049","geometry":{"type":"Point","coordinates":[-59.306761,-35.0182]},"properties":{"id":"pba-ENFORCER_049","name":"Ruta Provincial 41 km 192 · Navarro","tags":{"name":"Ruta Provincial 41 km 192 · Navarro","enforcement":"Cinemómetro","tipo":"Fijos","municipio":"Navarro","ruta":"Ruta Provincial 41","km":"192","sentido":"-","estado":"Operativo","propietario":"Provincial"},"type":"speed_camera"}},{"type":"Feature","id":"pba-ENFORCER_053","geometry":{"type":"Point","coordinates":[-59.134832,-35.17254]},"properties":{"id":"pba-ENFORCER_053","name":"Ruta Provincial 41 km 162 · Lobos","tags":{"name":"Ruta Provincial 41 km 162 · Lobos","enforcement":"Cinemómetro","tipo":"Fijos","municipio":"Lobos","ruta":"Ruta Provincial 41","km":"162","sentido":"Asc","estado":"Consultar","propietario":"Provincial"},"type":"speed_camera"}},{"type":"Feature","id":"pba-ENFORCER_054","geometry":{"type":"Point","coordinates":[-58.940983,-35.297091]},"properties":{"id":"pba-ENFORCER_054","name":"Ruta Provincial 41 km 205 · Lobos","tags":{"name":"Ruta Provincial 41 km 205 · Lobos","enforcement":"Cinemómetro","tipo":"Fijos","municipio":"Lobos","ruta":"Ruta Provincial 41","km":"205","sentido":"Desc","estado":"Operativo","propietario":"Provincial"},"type":"speed_camera"}},{"type":"Feature","id":"pba-ENFORCER_055","geometry":{"type":"Point","coordinates":[-58.94136,-35.296844]},"properties":{"id":"pba-ENFORCER_055","name":"Ruta Provincial 41 km 205 · Lobos","tags":{"name":"Ruta Provincial 41 km 205 · Lobos","enforcement":"Cinemómetro","tipo":"Fijos","municipio":"Lobos","ruta":"Ruta Provincial 41","km":"205","sentido":"Desc","estado":"Operativo","propietario":"Provincial"},"type":"speed_camera"}},{"type":"Feature","id":"pba-ENFORCER_056","geometry":{"type":"Point","coordinates":[-58.92163,-34.475009]},"properties":{"id":"pba-ENFORCER_056","name":"Avenida Cuarenta Leguas km 3600 · Pilar","tags":{"name":"Avenida Cuarenta Leguas km 3600 · Pilar","enforcement":"Cinemómetro","tipo":"Fijos","municipio":"Pilar","ruta":"Avenida Cuarenta Leguas","km":"3600","sentido":"Desc","estado":"Operativo","propietario":"Provincial"},"type":"speed_camera"}},{"type":"Feature","id":"pba-ENFORCER_057","geometry":{"type":"Point","coordinates":[-58.921839,-34.475327]},"properties":{"id":"pba-ENFORCER_057","name":"Avenida Cuarenta Leguas km 3600 · Pilar","tags":{"name":"Avenida Cuarenta Leguas km 3600 · Pilar","enforcement":"Cinemómetro","tipo":"Fijos","municipio":"Pilar","ruta":"Avenida Cuarenta Leguas","km":"3600","sentido":"Asc","estado":"Operativo","propietario":"Provincial"},"type":"speed_camera"}},{"type":"Feature","id":"pba-ENFORCER_066","geometry":{"type":"Point","coordinates":[-58.930204,-34.535848]},"properties":{"id":"pba-ENFORCER_066","name":"Avenida Domenech km 3300 · Pilar","tags":{"name":"Avenida Domenech km 3300 · Pilar","enforcement":"Cinemómetro","tipo":"Fijos","municipio":"Pilar","ruta":"Avenida Domenech","km":"3300","sentido":"Desc","estado":"Operativo","propietario":"Provincial"},"type":"speed_camera"}},{"type":"Feature","id":"pba-ENFORCER_067","geometry":{"type":"Point","coordinates":[-58.920858,-34.493575]},"properties":{"id":"pba-ENFORCER_067","name":"Avenida Domenech km 2200 · Pilar","tags":{"name":"Avenida Domenech km 2200 · Pilar","enforcement":"Cinemómetro","tipo":"Fijos","municipio":"Pilar","ruta":"Avenida Domenech","km":"2200","sentido":"Asc","estado":"Operativo","propietario":"Provincial"},"type":"speed_camera"}},{"type":"Feature","id":"pba-ENFORCER_068","geometry":{"type":"Point","coordinates":[-58.890493,-34.49112]},"properties":{"id":"pba-ENFORCER_068","name":"Avenida D. Rocha km 3100 · Pilar","tags":{"name":"Avenida D. Rocha km 3100 · Pilar","enforcement":"Cinemómetro","tipo":"Fijos","municipio":"Pilar","ruta":"Avenida D. Rocha","km":"3100","sentido":"Asc","estado":"Operativo","propietario":"Provincial"},"type":"speed_camera"}},{"type":"Feature","id":"pba-ENFORCER_069","geometry":{"type":"Point","coordinates":[-58.8894,-34.492305]},"properties":{"id":"pba-ENFORCER_069","name":"Avenida D. Rocha km 3300 · Pilar","tags":{"name":"Avenida D. Rocha km 3300 · Pilar","enforcement":"Cinemómetro","tipo":"Fijos","municipio":"Pilar","ruta":"Avenida D. Rocha","km":"3300","sentido":"Desc","estado":"Operativo","propietario":"Provincial"},"type":"speed_camera"}},{"type":"Feature","id":"pba-LU_001","geometry":{"type":"Point","coordinates":[-57.988976,-35.544842]},"properties":{"id":"pba-LU_001","name":"Ruta Provincial 2 km 116 · Chascomús","tags":{"name":"Ruta Provincial 2 km 116 · Chascomús","enforcement":"Control De Luces","tipo":"Fijos","municipio":"Chascomús","ruta":"Ruta Provincial 2","km":"116","sentido":"Asc","estado":"No Requiere Calibración","propietario":"Provincial"},"type":"speed_camera"}},{"type":"Feature","id":"pba-LU_002","geometry":{"type":"Point","coordinates":[-57.98174,-35.562085]},"properties":{"id":"pba-LU_002","name":"Ruta Provincial 2 km 117.5 · Chascomús","tags":{"name":"Ruta Provincial 2 km 117.5 · Chascomús","enforcement":"Control De Luces","tipo":"Fijos","municipio":"Chascomús","ruta":"Ruta Provincial 2","km":"117.5","sentido":"Desc","estado":"No Requiere Calibración","propietario":"Provincial"},"type":"speed_camera"}},{"type":"Feature","id":"pba-LU_005","geometry":{"type":"Point","coordinates":[-60.720104,-34.182092]},"properties":{"id":"pba-LU_005","name":"Ruta Provincial 31 km 171.7 · Rojas","tags":{"name":"Ruta Provincial 31 km 171.7 · Rojas","enforcement":"Control De Luces","tipo":"Fijos","municipio":"Rojas","ruta":"Ruta Provincial 31","km":"171.7","sentido":"Asc","estado":"No Requiere Calibración","propietario":"Provincial"},"type":"speed_camera"}},{"type":"Feature","id":"pba-LU_006","geometry":{"type":"Point","coordinates":[-60.712787,-34.188979]},"properties":{"id":"pba-LU_006","name":"Ruta Provincial 31 km 170.2 · Rojas","tags":{"name":"Ruta Provincial 31 km 170.2 · Rojas","enforcement":"Control De Luces","tipo":"Fijos","municipio":"Rojas","ruta":"Ruta Provincial 31","km":"170.2","sentido":"Desc","estado":"No Requiere Calibración","propietario":"Provincial"},"type":"speed_camera"}},{"type":"Feature","id":"pba-LU_007","geometry":{"type":"Point","coordinates":[-59.079006,-36.023633]},"properties":{"id":"pba-LU_007","name":"Ruta Nacional 3 km 187.1 · Las Flores","tags":{"name":"Ruta Nacional 3 km 187.1 · Las Flores","enforcement":"Control De Luces","tipo":"Fijos","municipio":"Las Flores","ruta":"Ruta Nacional 3","km":"187.1","sentido":"Desc","estado":"No Requiere Calibración","propietario":"Provincial"},"type":"speed_camera"}},{"type":"Feature","id":"pba-LU_008","geometry":{"type":"Point","coordinates":[-59.079085,-36.028008]},"properties":{"id":"pba-LU_008","name":"Ruta Nacional 3 km 187 · Las Flores","tags":{"name":"Ruta Nacional 3 km 187 · Las Flores","enforcement":"Control De Luces","tipo":"Fijos","municipio":"Las Flores","ruta":"Ruta Nacional 3","km":"187","sentido":"Asc","estado":"No Requiere Calibración","propietario":"Provincial"},"type":"speed_camera"}},{"type":"Feature","id":"pba-LU_009","geometry":{"type":"Point","coordinates":[-59.927584,-34.221012]},"properties":{"id":"pba-LU_009","name":"Ruta Provincial 51 km 96.7 · Capitán Sarmiento","tags":{"name":"Ruta Provincial 51 km 96.7 · Capitán Sarmiento","enforcement":"Control De Luces","tipo":"Fijos","municipio":"Capitán Sarmiento","ruta":"Ruta Provincial 51","km":"96.7","sentido":"Desc","estado":"No Requiere Calibración","propietario":"Provincial"},"type":"speed_camera"}},{"type":"Feature","id":"pba-LU_010","geometry":{"type":"Point","coordinates":[-59.927591,-34.221025]},"properties":{"id":"pba-LU_010","name":"Ruta Provincial 51 km 96.7 · Capitán Sarmiento","tags":{"name":"Ruta Provincial 51 km 96.7 · Capitán Sarmiento","enforcement":"Control De Luces","tipo":"Fijos","municipio":"Capitán Sarmiento","ruta":"Ruta Provincial 51","km":"96.7","sentido":"Asc","estado":"No Requiere Calibración","propietario":"Provincial"},"type":"speed_camera"}},{"type":"Feature","id":"pba-LU_016","geometry":{"type":"Point","coordinates":[-58.35429,-35.508066]},"properties":{"id":"pba-LU_016","name":"Ruta Provincial 29 km 41.9 · General Paz","tags":{"name":"Ruta Provincial 29 km 41.9 · General Paz","enforcement":"Control De Luces","tipo":"Fijos","municipio":"General Paz","ruta":"Ruta Provincial 29","km":"41.9","sentido":"Desc","estado":"No Requiere Calibración","propietario":"Provincial"},"type":"speed_camera"}},{"type":"Feature","id":"pba-LU_017","geometry":{"type":"Point","coordinates":[-58.35473,-35.50797]},"properties":{"id":"pba-LU_017","name":"Ruta Provincial 29 km 41.3 · General Paz","tags":{"name":"Ruta Provincial 29 km 41.3 · General Paz","enforcement":"Control De Luces","tipo":"Fijos","municipio":"General Paz","ruta":"Ruta Provincial 29","km":"41.3","sentido":"Asc","estado":"No Requiere Calibración","propietario":"Provincial"},"type":"speed_camera"}},{"type":"Feature","id":"pba-Lutec_011","geometry":{"type":"Point","coordinates":[-59.074486,-36.777224]},"properties":{"id":"pba-Lutec_011","name":"Ruta Provincial 30 km 190 · Rauch","tags":{"name":"Ruta Provincial 30 km 190 · Rauch","enforcement":"Control De Luces","tipo":"Fijos","municipio":"Rauch","ruta":"Ruta Provincial 30","km":"190","sentido":"Asc","estado":"No Requiere Calibración","propietario":"Provincial"},"type":"speed_camera"}},{"type":"Feature","id":"pba-Lutec_012","geometry":{"type":"Point","coordinates":[-59.074111,-36.777112]},"properties":{"id":"pba-Lutec_012","name":"Ruta Provincial 30 km 190 · Rauch","tags":{"name":"Ruta Provincial 30 km 190 · Rauch","enforcement":"Control De Luces","tipo":"Fijos","municipio":"Rauch","ruta":"Ruta Provincial 30","km":"190","sentido":"Desc","estado":"No Requiere Calibración","propietario":"Provincial"},"type":"speed_camera"}},{"type":"Feature","id":"pba-NEO_0053","geometry":{"type":"Point","coordinates":[-58.964038,-34.238857]},"properties":{"id":"pba-NEO_0053","name":"Ruta Provincial 6 km 194 · Campana","tags":{"name":"Ruta Provincial 6 km 194 · Campana","enforcement":"Cinemómetro","tipo":"Fijos","municipio":"Campana","ruta":"Ruta Provincial 6","km":"194","sentido":"Desc","estado":"Operativo","propietario":"Provincial"},"type":"speed_camera"}},{"type":"Feature","id":"pba-NEO_043","geometry":{"type":"Point","coordinates":[-60.217827,-34.33402]},"properties":{"id":"pba-NEO_043","name":"Ruta Provincial 31 km 121.3 · Salto","tags":{"name":"Ruta Provincial 31 km 121.3 · Salto","enforcement":"Cinemómetro","tipo":"Fijos","municipio":"Salto","ruta":"Ruta Provincial 31","km":"121.3","sentido":"Asc","estado":"Operativo","propietario":"Provincial"},"type":"speed_camera"}},{"type":"Feature","id":"pba-NEO_046","geometry":{"type":"Point","coordinates":[-60.217891,-34.334073]},"properties":{"id":"pba-NEO_046","name":"Ruta Provincial 31 km 121.3 · Salto","tags":{"name":"Ruta Provincial 31 km 121.3 · Salto","enforcement":"Cinemómetro","tipo":"Fijos","municipio":"Salto","ruta":"Ruta Provincial 31","km":"121.3","sentido":"Desc","estado":"Operativo","propietario":"Provincial"},"type":"speed_camera"}},{"type":"Feature","id":"pba-NEO_052","geometry":{"type":"Point","coordinates":[-58.963888,-34.23891]},"properties":{"id":"pba-NEO_052","name":"Ruta Provincial 6 km 194 · Campana","tags":{"name":"Ruta Provincial 6 km 194 · Campana","enforcement":"Cinemómetro","tipo":"Fijos","municipio":"Campana","ruta":"Ruta Provincial 6","km":"194","sentido":"Asc","estado":"Operativo","propietario":"Provincial"},"type":"speed_camera"}},{"type":"Feature","id":"pba-NEO_054","geometry":{"type":"Point","coordinates":[-58.942216,-34.176702]},"properties":{"id":"pba-NEO_054","name":"Avenida 6 De Julio km 1100 · Campana","tags":{"name":"Avenida 6 De Julio km 1100 · Campana","enforcement":"Cinemómetro","tipo":"Fijos","municipio":"Campana","ruta":"Avenida 6 De Julio","km":"1100","sentido":"Desc","estado":"Operativo","propietario":"Provincial"},"type":"speed_camera"}},{"type":"Feature","id":"pba-NEO_058","geometry":{"type":"Point","coordinates":[-58.596551,-34.465777]},"properties":{"id":"pba-NEO_058","name":"Ruta Provincial 202 - Avenida H Yrigoyen km 5000 · San Fernando","tags":{"name":"Ruta Provincial 202 - Avenida H Yrigoyen km 5000 · San Fernando","enforcement":"Cinemómetro","tipo":"Fijos","municipio":"San Fernando","ruta":"Ruta Provincial 202 - Avenida H Yrigoyen","km":"5000","sentido":"Asc","estado":"Operativo","propietario":"Provincial"},"type":"speed_camera"}},{"type":"Feature","id":"pba-NEO_059","geometry":{"type":"Point","coordinates":[-58.595004,-34.465989]},"properties":{"id":"pba-NEO_059","name":"Ruta Provincial 202 - Avenida H Yrigoyen km 5000 · San Fernando","tags":{"name":"Ruta Provincial 202 - Avenida H Yrigoyen km 5000 · San Fernando","enforcement":"Cinemómetro","tipo":"Fijos","municipio":"San Fernando","ruta":"Ruta Provincial 202 - Avenida H Yrigoyen","km":"5000","sentido":"Desc","estado":"Operativo","propietario":"Provincial"},"type":"speed_camera"}},{"type":"Feature","id":"pba-NEO_065","geometry":{"type":"Point","coordinates":[-58.531276,-34.483664]},"properties":{"id":"pba-NEO_065","name":"Avenida Bernabe Marquez km 1515 · San Isidro","tags":{"name":"Avenida Bernabe Marquez km 1515 · San Isidro","enforcement":"Cinemómetro","tipo":"Fijos","municipio":"San Isidro","ruta":"Avenida Bernabe Marquez","km":"1515","sentido":"Asc","estado":"Operativo","propietario":"Provincial"},"type":"speed_camera"}},{"type":"Feature","id":"pba-NEO_066","geometry":{"type":"Point","coordinates":[-58.531807,-34.4843]},"properties":{"id":"pba-NEO_066","name":"Avenida Bernabe Marquez km 1590 · San Isidro","tags":{"name":"Avenida Bernabe Marquez km 1590 · San Isidro","enforcement":"Cinemómetro","tipo":"Fijos","municipio":"San Isidro","ruta":"Avenida Bernabe Marquez","km":"1590","sentido":"Desc","estado":"Operativo","propietario":"Provincial"},"type":"speed_camera"}},{"type":"Feature","id":"pba-NEO_071","geometry":{"type":"Point","coordinates":[-58.58463,-34.55348]},"properties":{"id":"pba-NEO_071","name":"J.M. De Rosas km 4700 · General San Martín","tags":{"name":"J.M. De Rosas km 4700 · General San Martín","enforcement":"Cinemómetro","tipo":"Fijos","municipio":"General San Martín","ruta":"J.M. De Rosas","km":"4700","sentido":"Asc","estado":"Operativo","propietario":"Provincial"},"type":"speed_camera"}},{"type":"Feature","id":"pba-NEO_073","geometry":{"type":"Point","coordinates":[-58.585028,-34.553483]},"properties":{"id":"pba-NEO_073","name":"J.M. De Rosas km 4700 · General San Martín","tags":{"name":"J.M. De Rosas km 4700 · General San Martín","enforcement":"Cinemómetro","tipo":"Fijos","municipio":"General San Martín","ruta":"J.M. De Rosas","km":"4700","sentido":"Desc","estado":"Operativo","propietario":"Provincial"},"type":"speed_camera"}},{"type":"Feature","id":"pba-NEO_076","geometry":{"type":"Point","coordinates":[-58.57141,-34.564284]},"properties":{"id":"pba-NEO_076","name":"Ricardo Balbin km 4883 · General San Martín","tags":{"name":"Ricardo Balbin km 4883 · General San Martín","enforcement":"Cinemómetro","tipo":"Fijos","municipio":"General San Martín","ruta":"Ricardo Balbin","km":"4883","sentido":"Asc","estado":"Operativo","propietario":"Provincial"},"type":"speed_camera"}},{"type":"Feature","id":"pba-NEO_077","geometry":{"type":"Point","coordinates":[-58.57163,-34.564549]},"properties":{"id":"pba-NEO_077","name":"Ricardo Balbin km 4880 · General San Martín","tags":{"name":"Ricardo Balbin km 4880 · General San Martín","enforcement":"Cinemómetro","tipo":"Fijos","municipio":"General San Martín","ruta":"Ricardo Balbin","km":"4880","sentido":"Desc","estado":"Operativo","propietario":"Provincial"},"type":"speed_camera"}},{"type":"Feature","id":"pba-NEO_078","geometry":{"type":"Point","coordinates":[-60.417239,-34.629933]},"properties":{"id":"pba-NEO_078","name":"Ruta Provincial 30 km Calle 836 · Chacabuco","tags":{"name":"Ruta Provincial 30 km Calle 836 · Chacabuco","enforcement":"Cinemómetro","tipo":"Fijos","municipio":"Chacabuco","ruta":"Ruta Provincial 30","km":"Calle 836","sentido":"Asc","estado":"Operativo","propietario":"Provincial"},"type":"speed_camera"}},{"type":"Feature","id":"pba-NEO_086","geometry":{"type":"Point","coordinates":[-60.417319,-34.629987]},"properties":{"id":"pba-NEO_086","name":"Ruta Provincial 30 km Calle 836 · Chacabuco","tags":{"name":"Ruta Provincial 30 km Calle 836 · Chacabuco","enforcement":"Cinemómetro","tipo":"Fijos","municipio":"Chacabuco","ruta":"Ruta Provincial 30","km":"Calle 836","sentido":"Desc","estado":"Pendiente Calibración","propietario":"Provincial"},"type":"speed_camera"}},{"type":"Feature","id":"pba-NEO_094","geometry":{"type":"Point","coordinates":[-59.037592,-34.521163]},"properties":{"id":"pba-NEO_094","name":"Ruta Provincial 6 km 159.3 · Luján","tags":{"name":"Ruta Provincial 6 km 159.3 · Luján","enforcement":"Cinemómetro","tipo":"Fijos","municipio":"Luján","ruta":"Ruta Provincial 6","km":"159.3","sentido":"Asc","estado":"Pendiente Calibración","propietario":"Provincial"},"type":"speed_camera"}},{"type":"Feature","id":"pba-NEO_097","geometry":{"type":"Point","coordinates":[-59.927569,-34.221032]},"properties":{"id":"pba-NEO_097","name":"Ruta Provincial 51 km 96.7 · Capitán Sarmiento","tags":{"name":"Ruta Provincial 51 km 96.7 · Capitán Sarmiento","enforcement":"Cinemómetro","tipo":"Fijos","municipio":"Capitán Sarmiento","ruta":"Ruta Provincial 51","km":"96.7","sentido":"Desc","estado":"Pendiente Calibración","propietario":"Provincial"},"type":"speed_camera"}},{"type":"Feature","id":"pba-NEO_098","geometry":{"type":"Point","coordinates":[-59.927583,-34.221038]},"properties":{"id":"pba-NEO_098","name":"Ruta Provincial 51 km 96.7 · Capitán Sarmiento","tags":{"name":"Ruta Provincial 51 km 96.7 · Capitán Sarmiento","enforcement":"Cinemómetro","tipo":"Fijos","municipio":"Capitán Sarmiento","ruta":"Ruta Provincial 51","km":"96.7","sentido":"Asc","estado":"Pendiente Calibración","propietario":"Provincial"},"type":"speed_camera"}},{"type":"Feature","id":"pba-NEO_099","geometry":{"type":"Point","coordinates":[-59.037771,-34.521194]},"properties":{"id":"pba-NEO_099","name":"Ruta Provincial 6 km 159.3 · Luján","tags":{"name":"Ruta Provincial 6 km 159.3 · Luján","enforcement":"Cinemómetro","tipo":"Fijos","municipio":"Luján","ruta":"Ruta Provincial 6","km":"159.3","sentido":"Desc","estado":"Pendiente Calibración","propietario":"Provincial"},"type":"speed_camera"}},{"type":"Feature","id":"pba-NEO_100","geometry":{"type":"Point","coordinates":[-59.846278,-34.364861]},"properties":{"id":"pba-NEO_100","name":"Ruta Provincial 51 km 121.3 · Carmen De Areco","tags":{"name":"Ruta Provincial 51 km 121.3 · Carmen De Areco","enforcement":"Cinemómetro","tipo":"Fijos","municipio":"Carmen De Areco","ruta":"Ruta Provincial 51","km":"121.3","sentido":"Desc","estado":"Pendiente Calibración","propietario":"Provincial"},"type":"speed_camera"}},{"type":"Feature","id":"pba-NEO_106","geometry":{"type":"Point","coordinates":[-59.847651,-34.368474]},"properties":{"id":"pba-NEO_106","name":"Ruta Provincial 51 km 121.3 · Carmen De Areco","tags":{"name":"Ruta Provincial 51 km 121.3 · Carmen De Areco","enforcement":"Cinemómetro","tipo":"Fijos","municipio":"Carmen De Areco","ruta":"Ruta Provincial 51","km":"121.3","sentido":"Asc","estado":"Operativo","propietario":"Provincial"},"type":"speed_camera"}},{"type":"Feature","id":"pba-NEO_107","geometry":{"type":"Point","coordinates":[-58.470255,-34.529178]},"properties":{"id":"pba-NEO_107","name":"Avenida Del Libertador km 538 · Vicente López","tags":{"name":"Avenida Del Libertador km 538 · Vicente López","enforcement":"Cinemómetro","tipo":"Fijos","municipio":"Vicente López","ruta":"Avenida Del Libertador","km":"538","sentido":"Desc","estado":"Operativo","propietario":"Provincial"},"type":"speed_camera"}},{"type":"Feature","id":"pba-NEO_108","geometry":{"type":"Point","coordinates":[-57.706682,-36.266103]},"properties":{"id":"pba-NEO_108","name":"Ruta Provincial 2 km 195.9 · Dolores","tags":{"name":"Ruta Provincial 2 km 195.9 · Dolores","enforcement":"Cinemómetro","tipo":"Fijos","municipio":"Dolores","ruta":"Ruta Provincial 2","km":"195.9","sentido":"Desc","estado":"Operativo","propietario":"Provincial"},"type":"speed_camera"}},{"type":"Feature","id":"pba-NEO_109","geometry":{"type":"Point","coordinates":[-58.47,-34.530115]},"properties":{"id":"pba-NEO_109","name":"Avenida Del Libertador km 451 · Vicente López","tags":{"name":"Avenida Del Libertador km 451 · Vicente López","enforcement":"Cinemómetro","tipo":"Fijos","municipio":"Vicente López","ruta":"Avenida Del Libertador","km":"451","sentido":"Asc","estado":"Operativo","propietario":"Provincial"},"type":"speed_camera"}},{"type":"Feature","id":"pba-NEO_111","geometry":{"type":"Point","coordinates":[-59.090358,-34.305877]},"properties":{"id":"pba-NEO_111","name":"Ruta Provincial 39 km 2 · Exaltación de la Cruz","tags":{"name":"Ruta Provincial 39 km 2 · Exaltación de la Cruz","enforcement":"Cinemómetro","tipo":"Fijos","municipio":"Exaltación de la Cruz","ruta":"Ruta Provincial 39","km":"2","sentido":"Asc","estado":"Operativo","propietario":"Provincial"},"type":"speed_camera"}},{"type":"Feature","id":"pba-NEO_112","geometry":{"type":"Point","coordinates":[-59.090273,-34.305839]},"properties":{"id":"pba-NEO_112","name":"Ruta Provincial 39 km 2.3 · Exaltación de la Cruz","tags":{"name":"Ruta Provincial 39 km 2.3 · Exaltación de la Cruz","enforcement":"Cinemómetro","tipo":"Fijos","municipio":"Exaltación de la Cruz","ruta":"Ruta Provincial 39","km":"2.3","sentido":"Desc","estado":"Operativo","propietario":"Provincial"},"type":"speed_camera"}},{"type":"Feature","id":"pba-NEO_113","geometry":{"type":"Point","coordinates":[-57.707037,-36.266124]},"properties":{"id":"pba-NEO_113","name":"Ruta Provincial 2 km 195.9 · Dolores","tags":{"name":"Ruta Provincial 2 km 195.9 · Dolores","enforcement":"Cinemómetro","tipo":"Fijos","municipio":"Dolores","ruta":"Ruta Provincial 2","km":"195.9","sentido":"Asc","estado":"Operativo","propietario":"Provincial"},"type":"speed_camera"}},{"type":"Feature","id":"pba-NEO_114","geometry":{"type":"Point","coordinates":[-58.484398,-34.496149]},"properties":{"id":"pba-NEO_114","name":"Avenida Del Libertador km 3697 · Vicente López","tags":{"name":"Avenida Del Libertador km 3697 · Vicente López","enforcement":"Cinemómetro","tipo":"Fijos","municipio":"Vicente López","ruta":"Avenida Del Libertador","km":"3697","sentido":"Asc","estado":"Operativo","propietario":"Provincial"},"type":"speed_camera"}},{"type":"Feature","id":"pba-NEO_117","geometry":{"type":"Point","coordinates":[-58.674343,-34.398704]},"properties":{"id":"pba-NEO_117","name":"Avenida Benavidez E Hipico Del Delta km 4300 · Tigre","tags":{"name":"Avenida Benavidez E Hipico Del Delta km 4300 · Tigre","enforcement":"Cinemómetro","tipo":"Fijos","municipio":"Tigre","ruta":"Avenida Benavidez E Hipico Del Delta","km":"4300","sentido":"Desc","estado":"Operativo","propietario":"Provincial"},"type":"speed_camera"}},{"type":"Feature","id":"pba-NEO_118","geometry":{"type":"Point","coordinates":[-58.673314,-34.398359]},"properties":{"id":"pba-NEO_118","name":"Avenida Benavidez km 3850 · Tigre","tags":{"name":"Avenida Benavidez km 3850 · Tigre","enforcement":"Cinemómetro","tipo":"Fijos","municipio":"Tigre","ruta":"Avenida Benavidez","km":"3850","sentido":"Asc","estado":"Operativo","propietario":"Provincial"},"type":"speed_camera"}},{"type":"Feature","id":"pba-NEO_177","geometry":{"type":"Point","coordinates":[-58.535961,-34.72233]},"properties":{"id":"pba-NEO_177","name":"Ruta Provincial 21 Y Calle El Pindo km - · La Matanza","tags":{"name":"Ruta Provincial 21 Y Calle El Pindo km - · La Matanza","enforcement":"Cinemómetro","tipo":"Fijos","municipio":"La Matanza","ruta":"Ruta Provincial 21 Y Calle El Pindo","km":"-","sentido":"Desc","estado":"Operativo","propietario":"Provincial"},"type":"speed_camera"}},{"type":"Feature","id":"pba-NEO_180","geometry":{"type":"Point","coordinates":[-60.922834,-35.458042]},"properties":{"id":"pba-NEO_180","name":"Ruta Provincial 65 km 172.1 · Nueve De Julio","tags":{"name":"Ruta Provincial 65 km 172.1 · Nueve De Julio","enforcement":"Cinemómetro","tipo":"Fijos","municipio":"Nueve De Julio","ruta":"Ruta Provincial 65","km":"172.1","sentido":"Asc","estado":"Operativo","propietario":"Provincial"},"type":"speed_camera"}},{"type":"Feature","id":"pba-NEO_184","geometry":{"type":"Point","coordinates":[-60.923585,-35.458374]},"properties":{"id":"pba-NEO_184","name":"Ruta Provincial 65 km 172.1 · Nueve De Julio","tags":{"name":"Ruta Provincial 65 km 172.1 · Nueve De Julio","enforcement":"Cinemómetro","tipo":"Fijos","municipio":"Nueve De Julio","ruta":"Ruta Provincial 65","km":"172.1","sentido":"Desc","estado":"Operativo","propietario":"Provincial"},"type":"speed_camera"}},{"type":"Feature","id":"pba-NEO_196","geometry":{"type":"Point","coordinates":[-58.669652,-34.678756]},"properties":{"id":"pba-NEO_196","name":"Fray Luis Beltran km 2181 · Ituzaingó","tags":{"name":"Fray Luis Beltran km 2181 · Ituzaingó","enforcement":"Cinemómetro","tipo":"Fijos","municipio":"Ituzaingó","ruta":"Fray Luis Beltran","km":"2181","sentido":"Desc","estado":"Operativo","propietario":"Provincial"},"type":"speed_camera"}},{"type":"Feature","id":"pba-NEO_198","geometry":{"type":"Point","coordinates":[-58.685672,-34.484776]},"properties":{"id":"pba-NEO_198","name":"Avenida Sesquicentenario km 4823 · Malvinas Argentinas","tags":{"name":"Avenida Sesquicentenario km 4823 · Malvinas Argentinas","enforcement":"Cinemómetro","tipo":"Fijos","municipio":"Malvinas Argentinas","ruta":"Avenida Sesquicentenario","km":"4823","sentido":"Desc","estado":"Operativo","propietario":"Provincial"},"type":"speed_camera"}},{"type":"Feature","id":"pba-NEO_199","geometry":{"type":"Point","coordinates":[-58.685801,-34.484654]},"properties":{"id":"pba-NEO_199","name":"Avenida Sesquicentenario km 4824 · Malvinas Argentinas","tags":{"name":"Avenida Sesquicentenario km 4824 · Malvinas Argentinas","enforcement":"Cinemómetro","tipo":"Fijos","municipio":"Malvinas Argentinas","ruta":"Avenida Sesquicentenario","km":"4824","sentido":"Asc","estado":"Operativo","propietario":"Provincial"},"type":"speed_camera"}},{"type":"Feature","id":"pba-NEO_205","geometry":{"type":"Point","coordinates":[-58.670403,-34.679374]},"properties":{"id":"pba-NEO_205","name":"Fray Luis Beltran km 2100 · Ituzaingó","tags":{"name":"Fray Luis Beltran km 2100 · Ituzaingó","enforcement":"Cinemómetro","tipo":"Fijos","municipio":"Ituzaingó","ruta":"Fray Luis Beltran","km":"2100","sentido":"Asc","estado":"Operativo","propietario":"Provincial"},"type":"speed_camera"}},{"type":"Feature","id":"pba-NEO_215","geometry":{"type":"Point","coordinates":[-59.893155,-36.794825]},"properties":{"id":"pba-NEO_215","name":"Ruta Provincial 51 Y Madres De Plaza De Mayo km 60 · Azul","tags":{"name":"Ruta Provincial 51 Y Madres De Plaza De Mayo km 60 · Azul","enforcement":"Cinemómetro","tipo":"Fijos","municipio":"Azul","ruta":"Ruta Provincial 51 Y Madres De Plaza De Mayo","km":"60","sentido":"Desc","estado":"Operativo","propietario":"Provincial"},"type":"speed_camera"}},{"type":"Feature","id":"pba-NEO_216","geometry":{"type":"Point","coordinates":[-59.89293,-36.794988]},"properties":{"id":"pba-NEO_216","name":"Ruta Provincial 51 Y Madres De Plaza De Mayo km 60 · Azul","tags":{"name":"Ruta Provincial 51 Y Madres De Plaza De Mayo km 60 · Azul","enforcement":"Cinemómetro","tipo":"Fijos","municipio":"Azul","ruta":"Ruta Provincial 51 Y Madres De Plaza De Mayo","km":"60","sentido":"Asc","estado":"Operativo","propietario":"Provincial"},"type":"speed_camera"}},{"type":"Feature","id":"pba-NEO_220","geometry":{"type":"Point","coordinates":[-58.651613,-34.569734]},"properties":{"id":"pba-NEO_220","name":"Ruta Provincial 201- Tte. Julio Roca km 3353 · Hurlingham","tags":{"name":"Ruta Provincial 201- Tte. Julio Roca km 3353 · Hurlingham","enforcement":"Cinemómetro","tipo":"Fijos","municipio":"Hurlingham","ruta":"Ruta Provincial 201- Tte. Julio Roca","km":"3353","sentido":"Asc","estado":"Consultar","propietario":"Provincial"},"type":"speed_camera"}},{"type":"Feature","id":"pba-NEO_222","geometry":{"type":"Point","coordinates":[-58.652342,-34.570123]},"properties":{"id":"pba-NEO_222","name":"Ruta Provincial 201 Tte. Julio Roca km 3353 · Hurlingham","tags":{"name":"Ruta Provincial 201 Tte. Julio Roca km 3353 · Hurlingham","enforcement":"Cinemómetro","tipo":"Fijos","municipio":"Hurlingham","ruta":"Ruta Provincial 201 Tte. Julio Roca","km":"3353","sentido":"Desc","estado":"Consultar","propietario":"Provincial"},"type":"speed_camera"}},{"type":"Feature","id":"pba-REVO_SD_407","geometry":{"type":"Point","coordinates":[-58.701344,-34.491157]},"properties":{"id":"pba-REVO_SD_407","name":"Avenida Sesquicentenario Y Adela  Burgos km - · Malvinas Argentinas","tags":{"name":"Avenida Sesquicentenario Y Adela  Burgos km - · Malvinas Argentinas","enforcement":"Control De Semaforo","tipo":"Fijos","municipio":"Malvinas Argentinas","ruta":"Avenida Sesquicentenario Y Adela  Burgos","km":"-","sentido":"-","estado":"No Requiere Calibración","propietario":"Provincial"},"type":"speed_camera"}},{"type":"Feature","id":"pba-REVO_SD_408","geometry":{"type":"Point","coordinates":[-58.651189,-34.504669]},"properties":{"id":"pba-REVO_SD_408","name":"Ruta Provincial 23 Y Colpayo km - · Malvinas Argentinas","tags":{"name":"Ruta Provincial 23 Y Colpayo km - · Malvinas Argentinas","enforcement":"Control De Semaforo","tipo":"Fijos","municipio":"Malvinas Argentinas","ruta":"Ruta Provincial 23 Y Colpayo","km":"-","sentido":"-","estado":"No Requiere Calibración","propietario":"Provincial"},"type":"speed_camera"}},{"type":"Feature","id":"pba-SMART_RED_20014","geometry":{"type":"Point","coordinates":[-58.777397,-34.652526]},"properties":{"id":"pba-SMART_RED_20014","name":"Avenida Mitre Y Del Carril km - · Moreno","tags":{"name":"Avenida Mitre Y Del Carril km - · Moreno","enforcement":"Control De Semaforo","tipo":"Fijos","municipio":"Moreno","ruta":"Avenida Mitre Y Del Carril","km":"-","sentido":"-","estado":"No Requiere Calibración","propietario":"Provincial"},"type":"speed_camera"}},{"type":"Feature","id":"pba-SMART_RED_20015","geometry":{"type":"Point","coordinates":[-58.783123,-34.650908]},"properties":{"id":"pba-SMART_RED_20015","name":"Avenida Mitre Y De La Quintana km - · Moreno","tags":{"name":"Avenida Mitre Y De La Quintana km - · Moreno","enforcement":"Control De Semaforo","tipo":"Fijos","municipio":"Moreno","ruta":"Avenida Mitre Y De La Quintana","km":"-","sentido":"-","estado":"No Requiere Calibración","propietario":"Provincial"},"type":"speed_camera"}},{"type":"Feature","id":"pba-SMART_RED_20036","geometry":{"type":"Point","coordinates":[-58.632618,-34.623009]},"properties":{"id":"pba-SMART_RED_20036","name":"Avenida Vergara km 1852 · Hurlingham","tags":{"name":"Avenida Vergara km 1852 · Hurlingham","enforcement":"Control De Semaforo","tipo":"Fijos","municipio":"Hurlingham","ruta":"Avenida Vergara","km":"1852","sentido":"-","estado":"No Requiere Calibración","propietario":"Provincial"},"type":"speed_camera"}},{"type":"Feature","id":"pba-SMART_RED_20037","geometry":{"type":"Point","coordinates":[-58.63167,-34.626727]},"properties":{"id":"pba-SMART_RED_20037","name":"Avenida Vergara km 1560 · Hurlingham","tags":{"name":"Avenida Vergara km 1560 · Hurlingham","enforcement":"Control De Semaforo","tipo":"Fijos","municipio":"Hurlingham","ruta":"Avenida Vergara","km":"1560","sentido":"-","estado":"No Requiere Calibración","propietario":"Provincial"},"type":"speed_camera"}},{"type":"Feature","id":"pba-SMART_RED_20039","geometry":{"type":"Point","coordinates":[-58.623917,-34.608021]},"properties":{"id":"pba-SMART_RED_20039","name":"Pastre Y Roma km - · Hurlingham","tags":{"name":"Pastre Y Roma km - · Hurlingham","enforcement":"Control De Semaforo","tipo":"Fijos","municipio":"Hurlingham","ruta":"Pastre Y Roma","km":"-","sentido":"-Asc","estado":"No Requiere Calibración","propietario":"Provincial"},"type":"speed_camera"}},{"type":"Feature","id":"pba-SMART_RED_20041","geometry":{"type":"Point","coordinates":[-58.62016,-34.595342]},"properties":{"id":"pba-SMART_RED_20041","name":"Avenida Roca Y Los Arboles km -NO ESTA · Hurlingham","tags":{"name":"Avenida Roca Y Los Arboles km -NO ESTA · Hurlingham","enforcement":"Control De Semaforo","tipo":"Fijos","municipio":"Hurlingham","ruta":"Avenida Roca Y Los Arboles","km":"-NO ESTA","sentido":"-No Esta","estado":"No Requiere Calibración","propietario":"Provincial"},"type":"speed_camera"}},{"type":"Feature","id":"pba-SMARTRED_20001","geometry":{"type":"Point","coordinates":[-58.80085,-34.359935]},"properties":{"id":"pba-SMARTRED_20001","name":"Ruta Provincial 25 Y Miguel Cané km - · Escobar","tags":{"name":"Ruta Provincial 25 Y Miguel Cané km - · Escobar","enforcement":"Control De Semaforo","tipo":"Fijos","municipio":"Escobar","ruta":"Ruta Provincial 25 Y Miguel Cané","km":"-","sentido":"Desc","estado":"No Requiere Calibración","propietario":"Provincial"},"type":"speed_camera"}},{"type":"Feature","id":"pba-SMARTRED_20002","geometry":{"type":"Point","coordinates":[-58.760179,-34.327516]},"properties":{"id":"pba-SMARTRED_20002","name":"Ruta Provincial 25 Y Schweitzer km - · Escobar","tags":{"name":"Ruta Provincial 25 Y Schweitzer km - · Escobar","enforcement":"Control De Semaforo","tipo":"Fijos","municipio":"Escobar","ruta":"Ruta Provincial 25 Y Schweitzer","km":"-","sentido":"Desc","estado":"No Requiere Calibración","propietario":"Provincial"},"type":"speed_camera"}},{"type":"Feature","id":"pba-SMARTRED_20003","geometry":{"type":"Point","coordinates":[-58.785247,-34.340681]},"properties":{"id":"pba-SMARTRED_20003","name":"Ruta Provincial 25 Y Patricias Mendocinas km - · Escobar","tags":{"name":"Ruta Provincial 25 Y Patricias Mendocinas km - · Escobar","enforcement":"Control De Semaforo","tipo":"Fijos","municipio":"Escobar","ruta":"Ruta Provincial 25 Y Patricias Mendocinas","km":"-","sentido":"Asc","estado":"No Requiere Calibración","propietario":"Provincial"},"type":"speed_camera"}},{"type":"Feature","id":"pba-SS_10003","geometry":{"type":"Point","coordinates":[-58.634838,-34.681755]},"properties":{"id":"pba-SS_10003","name":"Avenida Eva Perón km 2996 · Morón","tags":{"name":"Avenida Eva Perón km 2996 · Morón","enforcement":"Control De Semaforo","tipo":"Fijos","municipio":"Morón","ruta":"Avenida Eva Perón","km":"2996","sentido":"-","estado":"No Requiere Calibración","propietario":"Provincial"},"type":"speed_camera"}},{"type":"Feature","id":"pba-SS_10004","geometry":{"type":"Point","coordinates":[-58.630383,-34.672574]},"properties":{"id":"pba-SS_10004","name":"Avenida Eva Perón Y San Francisco km - · Morón","tags":{"name":"Avenida Eva Perón Y San Francisco km - · Morón","enforcement":"Control De Semaforo","tipo":"Fijos","municipio":"Morón","ruta":"Avenida Eva Perón Y San Francisco","km":"-","sentido":"-","estado":"No Requiere Calibración","propietario":"Provincial"},"type":"speed_camera"}},{"type":"Feature","id":"pba-SS_10005","geometry":{"type":"Point","coordinates":[-58.629134,-34.669603]},"properties":{"id":"pba-SS_10005","name":"Avenida Eva Perón Y Burgos km - · Morón","tags":{"name":"Avenida Eva Perón Y Burgos km - · Morón","enforcement":"Control De Semaforo","tipo":"Fijos","municipio":"Morón","ruta":"Avenida Eva Perón Y Burgos","km":"-","sentido":"-","estado":"No Requiere Calibración","propietario":"Provincial"},"type":"speed_camera"}},{"type":"Feature","id":"pba-SS_10017","geometry":{"type":"Point","coordinates":[-58.607382,-34.448635]},"properties":{"id":"pba-SS_10017","name":"Ruta Provincial 24  Y Ezeiza km - · Tigre","tags":{"name":"Ruta Provincial 24  Y Ezeiza km - · Tigre","enforcement":"Control De Semaforo","tipo":"Fijos","municipio":"Tigre","ruta":"Ruta Provincial 24  Y Ezeiza","km":"-","sentido":"Asc","estado":"No Requiere Calibración","propietario":"Provincial"},"type":"speed_camera"}},{"type":"Feature","id":"pba-SS_10019","geometry":{"type":"Point","coordinates":[-58.681399,-34.663575]},"properties":{"id":"pba-SS_10019","name":"Avenida Rivadavia Y Niceto Vega km - · Ituzaingó","tags":{"name":"Avenida Rivadavia Y Niceto Vega km - · Ituzaingó","enforcement":"Control De Semaforo","tipo":"Fijos","municipio":"Ituzaingó","ruta":"Avenida Rivadavia Y Niceto Vega","km":"-","sentido":"-","estado":"No Requiere Calibración","propietario":"Provincial"},"type":"speed_camera"}},{"type":"Feature","id":"pba-SS_10025","geometry":{"type":"Point","coordinates":[-58.668069,-34.677435]},"properties":{"id":"pba-SS_10025","name":"Avenida Beltran Y Aquino km - · Ituzaingó","tags":{"name":"Avenida Beltran Y Aquino km - · Ituzaingó","enforcement":"Control De Semaforo","tipo":"Fijos","municipio":"Ituzaingó","ruta":"Avenida Beltran Y Aquino","km":"-","sentido":"-","estado":"No Requiere Calibración","propietario":"Provincial"},"type":"speed_camera"}},{"type":"Feature","id":"pba-SS_1201","geometry":{"type":"Point","coordinates":[-58.628064,-34.49233]},"properties":{"id":"pba-SS_1201","name":"Avenida Torcuato De Alvear Y Burgos km - · Tigre","tags":{"name":"Avenida Torcuato De Alvear Y Burgos km - · Tigre","enforcement":"Control De Semaforo","tipo":"Fijos","municipio":"Tigre","ruta":"Avenida Torcuato De Alvear Y Burgos","km":"-","sentido":"Asc","estado":"No Requiere Calibración","propietario":"Provincial"},"type":"speed_camera"}},{"type":"Feature","id":"pba-SS_1202","geometry":{"type":"Point","coordinates":[-58.657654,-34.472907]},"properties":{"id":"pba-SS_1202","name":"Avenida Irigoyen Y España km - · Tigre","tags":{"name":"Avenida Irigoyen Y España km - · Tigre","enforcement":"Control De Semaforo","tipo":"Fijos","municipio":"Tigre","ruta":"Avenida Irigoyen Y España","km":"-","sentido":"Asc","estado":"No Requiere Calibración","propietario":"Provincial"},"type":"speed_camera"}},{"type":"Feature","id":"pba-SS_1606","geometry":{"type":"Point","coordinates":[-58.616287,-34.704942]},"properties":{"id":"pba-SS_1606","name":"Carlos Casares Y Polledo km - · La Matanza","tags":{"name":"Carlos Casares Y Polledo km - · La Matanza","enforcement":"Control De Semaforo","tipo":"Fijos","municipio":"La Matanza","ruta":"Carlos Casares Y Polledo","km":"-","sentido":"Asc","estado":"No Requiere Calibración","propietario":"Provincial"},"type":"speed_camera"}},{"type":"Feature","id":"pba-SS_1607","geometry":{"type":"Point","coordinates":[-58.534623,-34.712958]},"properties":{"id":"pba-SS_1607","name":"Ruta Provincial 21 Y El Curro km - · La Matanza","tags":{"name":"Ruta Provincial 21 Y El Curro km - · La Matanza","enforcement":"Control De Semaforo","tipo":"Fijos","municipio":"La Matanza","ruta":"Ruta Provincial 21 Y El Curro","km":"-","sentido":"-","estado":"No Requiere Calibración","propietario":"Provincial"},"type":"speed_camera"}},{"type":"Feature","id":"pba-SS_3104","geometry":{"type":"Point","coordinates":[-58.558064,-34.445038]},"properties":{"id":"pba-SS_3104","name":"Ruta Provincial 202 - Avenida H Yrigoyen km - · San Fernando","tags":{"name":"Ruta Provincial 202 - Avenida H Yrigoyen km - · San Fernando","enforcement":"Control De Semaforo","tipo":"Fijos","municipio":"San Fernando","ruta":"Ruta Provincial 202 - Avenida H Yrigoyen","km":"-","sentido":"-","estado":"No Requiere Calibración","propietario":"Provincial"},"type":"speed_camera"}},{"type":"Feature","id":"pba-SS_3105","geometry":{"type":"Point","coordinates":[-58.55813,-34.445093]},"properties":{"id":"pba-SS_3105","name":"Ruta Provincial 202 - Avenida H Yrigoyen km - · San Fernando","tags":{"name":"Ruta Provincial 202 - Avenida H Yrigoyen km - · San Fernando","enforcement":"Control De Semaforo","tipo":"Fijos","municipio":"San Fernando","ruta":"Ruta Provincial 202 - Avenida H Yrigoyen","km":"-","sentido":"-","estado":"No Requiere Calibración","propietario":"Provincial"},"type":"speed_camera"}},{"type":"Feature","id":"pba-SS_3202","geometry":{"type":"Point","coordinates":[-58.522905,-34.479562]},"properties":{"id":"pba-SS_3202","name":"Avenida Márquez Y Tellier km - · San Isidro","tags":{"name":"Avenida Márquez Y Tellier km - · San Isidro","enforcement":"Control De Semaforo","tipo":"Fijos","municipio":"San Isidro","ruta":"Avenida Márquez Y Tellier","km":"-","sentido":"Desc","estado":"No Requiere Calibración","propietario":"Provincial"},"type":"speed_camera"}},{"type":"Feature","id":"pba-SS_3203","geometry":{"type":"Point","coordinates":[-58.519419,-34.477831]},"properties":{"id":"pba-SS_3203","name":"Avenida Márquez Y Haedo km - · San Isidro","tags":{"name":"Avenida Márquez Y Haedo km - · San Isidro","enforcement":"Control De Semaforo","tipo":"Fijos","municipio":"San Isidro","ruta":"Avenida Márquez Y Haedo","km":"-","sentido":"Asc","estado":"No Requiere Calibración","propietario":"Provincial"},"type":"speed_camera"}},{"type":"Feature","id":"pba-SS_3204","geometry":{"type":"Point","coordinates":[-58.517078,-34.463078]},"properties":{"id":"pba-SS_3204","name":"Avenida Femini Y Cordoba km - · San Isidro","tags":{"name":"Avenida Femini Y Cordoba km - · San Isidro","enforcement":"Control De Semaforo","tipo":"Fijos","municipio":"San Isidro","ruta":"Avenida Femini Y Cordoba","km":"-","sentido":"Asc","estado":"No Requiere Calibración","propietario":"Provincial"},"type":"speed_camera"}},{"type":"Feature","id":"pba-SS_3205","geometry":{"type":"Point","coordinates":[-58.485766,-34.487026]},"properties":{"id":"pba-SS_3205","name":"Avenida De Mayo Y Villa Alvino km - · San Isidro","tags":{"name":"Avenida De Mayo Y Villa Alvino km - · San Isidro","enforcement":"Control De Semaforo","tipo":"Fijos","municipio":"San Isidro","ruta":"Avenida De Mayo Y Villa Alvino","km":"-","sentido":"Asc","estado":"No Requiere Calibración","propietario":"Provincial"},"type":"speed_camera"}},{"type":"Feature","id":"pba-SS_3901","geometry":{"type":"Point","coordinates":[-58.773787,-34.620087]},"properties":{"id":"pba-SS_3901","name":"Avenida Libertador Y Avellaneda km - · Moreno","tags":{"name":"Avenida Libertador Y Avellaneda km - · Moreno","enforcement":"Control De Semaforo","tipo":"Fijos","municipio":"Moreno","ruta":"Avenida Libertador Y Avellaneda","km":"-","sentido":"-","estado":"No Requiere Calibración","propietario":"Provincial"},"type":"speed_camera"}},{"type":"Feature","id":"pba-SS_3902","geometry":{"type":"Point","coordinates":[-58.812707,-34.643934]},"properties":{"id":"pba-SS_3902","name":"Avenida Piovano Y Amancay km - · Moreno","tags":{"name":"Avenida Piovano Y Amancay km - · Moreno","enforcement":"Control De Semaforo","tipo":"Fijos","municipio":"Moreno","ruta":"Avenida Piovano Y Amancay","km":"-","sentido":"-","estado":"No Requiere Calibración","propietario":"Provincial"},"type":"speed_camera"}},{"type":"Feature","id":"pba-SS_3903","geometry":{"type":"Point","coordinates":[-58.748796,-34.584718]},"properties":{"id":"pba-SS_3903","name":"Ruta Provincial 23 Y Avenida Néstor Kirchner km - · Moreno","tags":{"name":"Ruta Provincial 23 Y Avenida Néstor Kirchner km - · Moreno","enforcement":"Control De Semaforo","tipo":"Fijos","municipio":"Moreno","ruta":"Ruta Provincial 23 Y Avenida Néstor Kirchner","km":"-","sentido":"-","estado":"No Requiere Calibración","propietario":"Provincial"},"type":"speed_camera"}},{"type":"Feature","id":"pba-SS_4901","geometry":{"type":"Point","coordinates":[-58.484573,-34.494278]},"properties":{"id":"pba-SS_4901","name":"Avenida Del Libertador Y Darwin km - · Vicente López","tags":{"name":"Avenida Del Libertador Y Darwin km - · Vicente López","enforcement":"Control De Semaforo","tipo":"Fijos","municipio":"Vicente López","ruta":"Avenida Del Libertador Y Darwin","km":"-","sentido":"Asc","estado":"No Requiere Calibración","propietario":"Provincial"},"type":"speed_camera"}},{"type":"Feature","id":"pba-SS_4904","geometry":{"type":"Point","coordinates":[-58.4841,-34.498662]},"properties":{"id":"pba-SS_4904","name":"Avenida Del Libertador Y J. Ingenieros km - · Vicente López","tags":{"name":"Avenida Del Libertador Y J. Ingenieros km - · Vicente López","enforcement":"Control De Luces","tipo":"Fijos","municipio":"Vicente López","ruta":"Avenida Del Libertador Y J. Ingenieros","km":"-","sentido":"Asc","estado":"No Requiere Calibración","propietario":"Provincial"},"type":"speed_camera"}},{"type":"Feature","id":"pba-URBAN_0006","geometry":{"type":"Point","coordinates":[-61.00151,-34.573799]},"properties":{"id":"pba-URBAN_0006","name":"Ruta Provincial 65 km 79 · Junín","tags":{"name":"Ruta Provincial 65 km 79 · Junín","enforcement":"Cinemómetro","tipo":"Fijos","municipio":"Junín","ruta":"Ruta Provincial 65","km":"79","sentido":"Asc","estado":"Operativo","propietario":"Provincial"},"type":"speed_camera"}},{"type":"Feature","id":"pba-URBAN_0007","geometry":{"type":"Point","coordinates":[-61.002068,-34.5741]},"properties":{"id":"pba-URBAN_0007","name":"Ruta Provincial 65 km 79 · Junín","tags":{"name":"Ruta Provincial 65 km 79 · Junín","enforcement":"Cinemómetro","tipo":"Fijos","municipio":"Junín","ruta":"Ruta Provincial 65","km":"79","sentido":"Desc","estado":"Operativo","propietario":"Provincial"},"type":"speed_camera"}},{"type":"Feature","id":"pba-URBAN_0008","geometry":{"type":"Point","coordinates":[-58.830611,-34.585365]},"properties":{"id":"pba-URBAN_0008","name":"Ruta Provincial 25 E/Agrelo Y Bartolomé Díaz km - · Moreno","tags":{"name":"Ruta Provincial 25 E/Agrelo Y Bartolomé Díaz km - · Moreno","enforcement":"Cinemómetro","tipo":"Fijos","municipio":"Moreno","ruta":"Ruta Provincial 25 E/Agrelo Y Bartolomé Díaz","km":"-","sentido":"Desc","estado":"Operativo","propietario":"Provincial"},"type":"speed_camera"}},{"type":"Feature","id":"pba-URBAN_0009","geometry":{"type":"Point","coordinates":[-58.831449,-34.585788]},"properties":{"id":"pba-URBAN_0009","name":"Ruta Provincial 25 E/Agrelo Y Bartolomé Díaz km - · Moreno","tags":{"name":"Ruta Provincial 25 E/Agrelo Y Bartolomé Díaz km - · Moreno","enforcement":"Cinemómetro","tipo":"Fijos","municipio":"Moreno","ruta":"Ruta Provincial 25 E/Agrelo Y Bartolomé Díaz","km":"-","sentido":"Asc","estado":"Pendiente Calibración","propietario":"Provincial"},"type":"speed_camera"}},{"type":"Feature","id":"pba-URBAN_0318","geometry":{"type":"Point","coordinates":[-58.827402,-34.949332]},"properties":{"id":"pba-URBAN_0318","name":"Ruta Provincial 6 km 107.3 · General Las Heras","tags":{"name":"Ruta Provincial 6 km 107.3 · General Las Heras","enforcement":"Cinemómetro","tipo":"Fijos","municipio":"General Las Heras","ruta":"Ruta Provincial 6","km":"107.3","sentido":"Desc","estado":"Pendiente Calibración","propietario":"Provincial"},"type":"speed_camera"}},{"type":"Feature","id":"pba-URBAN_0323","geometry":{"type":"Point","coordinates":[-58.827224,-34.951424]},"properties":{"id":"pba-URBAN_0323","name":"Ruta Provincial 6 km 107.3 · General Las Heras","tags":{"name":"Ruta Provincial 6 km 107.3 · General Las Heras","enforcement":"Cinemómetro","tipo":"Fijos","municipio":"General Las Heras","ruta":"Ruta Provincial 6","km":"107.3","sentido":"Asc","estado":"Operativo","propietario":"Provincial"},"type":"speed_camera"}},{"type":"Feature","id":"pba-URBAN_0324","geometry":{"type":"Point","coordinates":[-58.825978,-34.951394]},"properties":{"id":"pba-URBAN_0324","name":"Ruta Provincial 6 km 107.3 · General Las Heras","tags":{"name":"Ruta Provincial 6 km 107.3 · General Las Heras","enforcement":"Cinemómetro","tipo":"Fijos","municipio":"General Las Heras","ruta":"Ruta Provincial 6","km":"107.3","sentido":"Asc","estado":"Operativo","propietario":"Provincial"},"type":"speed_camera"}},{"type":"Feature","id":"pba-URBAN_0327","geometry":{"type":"Point","coordinates":[-58.82685,-34.952585]},"properties":{"id":"pba-URBAN_0327","name":"Ruta Provincial 6 km 107.3 · General Las Heras","tags":{"name":"Ruta Provincial 6 km 107.3 · General Las Heras","enforcement":"Cinemómetro","tipo":"Fijos","municipio":"General Las Heras","ruta":"Ruta Provincial 6","km":"107.3","sentido":"Desc","estado":"Operativo","propietario":"Provincial"},"type":"speed_camera"}},{"type":"Feature","id":"pba-URBAN_0337","geometry":{"type":"Point","coordinates":[-60.094477,-34.068406]},"properties":{"id":"pba-URBAN_0337","name":"Ministro Emparanza Y Escocia km - · Arrecifes","tags":{"name":"Ministro Emparanza Y Escocia km - · Arrecifes","enforcement":"Cinemómetro","tipo":"Fijos","municipio":"Arrecifes","ruta":"Ministro Emparanza Y Escocia","km":"-","sentido":"Asc","estado":"Consultar","propietario":"Provincial"},"type":"speed_camera"}},{"type":"Feature","id":"pba-URBAN_0338","geometry":{"type":"Point","coordinates":[-60.094681,-34.068405]},"properties":{"id":"pba-URBAN_0338","name":"Ministro Emparanza Y Escocia km - · Arrecifes","tags":{"name":"Ministro Emparanza Y Escocia km - · Arrecifes","enforcement":"Cinemómetro","tipo":"Fijos","municipio":"Arrecifes","ruta":"Ministro Emparanza Y Escocia","km":"-","sentido":"Desc","estado":"Consultar","propietario":"Provincial"},"type":"speed_camera"}},{"type":"Feature","id":"pba-URBAN_0339","geometry":{"type":"Point","coordinates":[-56.715071,-36.475111]},"properties":{"id":"pba-URBAN_0339","name":"Ruta Provincial 11 km 317.7 · General Lavalle","tags":{"name":"Ruta Provincial 11 km 317.7 · General Lavalle","enforcement":"Cinemómetro","tipo":"Fijos","municipio":"General Lavalle","ruta":"Ruta Provincial 11","km":"317.7","sentido":"Asc","estado":"Consultar","propietario":"Provincial"},"type":"speed_camera"}}]}