{"type":"FeatureCollection","features":[{"type":"Feature","id":"ffcc-520","geometry":{"type":"Point","coordinates":[-59.99613,-34.917416]},"properties":{"id":"ffcc-520","name":"Chivilcoy Sud","tags":{"name":"Chivilcoy Sud","railway":"station","line":"FFCC Sarmiento","operator":"SOFSE"},"type":"railway_station"}},{"type":"Feature","id":"ffcc-521","geometry":{"type":"Point","coordinates":[-60.277567,-35.034597]},"properties":{"id":"ffcc-521","name":"Andrés Vaccareza (Alberti)","tags":{"name":"Andrés Vaccareza (Alberti)","railway":"station","line":"FFCC Sarmiento","operator":"SOFSE"},"type":"railway_station"}},{"type":"Feature","id":"ffcc-523","geometry":{"type":"Point","coordinates":[-59.690407,-34.773274]},"properties":{"id":"ffcc-523","name":"Suipacha","tags":{"name":"Suipacha","railway":"station","line":"FFCC Sarmiento","operator":"SOFSE"},"type":"railway_station"}},{"type":"Feature","id":"ffcc-524","geometry":{"type":"Point","coordinates":[-60.478519,-35.119744]},"properties":{"id":"ffcc-524","name":"Bragado","tags":{"name":"Bragado","railway":"station","line":"FFCC Sarmiento","operator":"SOFSE"},"type":"railway_station"}},{"type":"Feature","id":"ffcc-528","geometry":{"type":"Point","coordinates":[-59.432421,-34.657677]},"properties":{"id":"ffcc-528","name":"Mercedes","tags":{"name":"Mercedes","railway":"station","line":"FFCC Sarmiento","operator":"SOFSE"},"type":"railway_station"}},{"type":"Feature","id":"ffcc-48","geometry":{"type":"Point","coordinates":[-58.591946,-34.644477]},"properties":{"id":"ffcc-48","name":"Haedo","tags":{"name":"Haedo","railway":"station","line":"FFCC Sarmiento","operator":"SOFSE"},"type":"railway_station"}},{"type":"Feature","id":"ffcc-84","geometry":{"type":"Point","coordinates":[-58.407516,-34.60828]},"properties":{"id":"ffcc-84","name":"Once","tags":{"name":"Once","railway":"station","line":"FFCC Sarmiento","operator":"SOFSE"},"type":"railway_station"}},{"type":"Feature","id":"ffcc-10","geometry":{"type":"Point","coordinates":[-58.515623,-34.581242]},"properties":{"id":"ffcc-10","name":"Kilómetro 16 Maniobras","tags":{"name":"Kilómetro 16 Maniobras","railway":"station","line":"Mitre","operator":"SOFSE"},"type":"railway_station"}},{"type":"Feature","id":"ffcc-12","geometry":{"type":"Point","coordinates":[-58.487043,-34.554075]},"properties":{"id":"ffcc-12","name":"Saavedra","tags":{"name":"Saavedra","railway":"station","line":"Mitre","operator":"SOFSE"},"type":"railway_station"}},{"type":"Feature","id":"ffcc-18","geometry":{"type":"Point","coordinates":[-58.425289,-34.571906]},"properties":{"id":"ffcc-18","name":"3 de Febrero","tags":{"name":"3 de Febrero","railway":"station","line":"Mitre","operator":"SOFSE"},"type":"railway_station"}},{"type":"Feature","id":"ffcc-19","geometry":{"type":"Point","coordinates":[-58.448251,-34.572983]},"properties":{"id":"ffcc-19","name":"Colegiales","tags":{"name":"Colegiales","railway":"station","line":"Mitre","operator":"SOFSE"},"type":"railway_station"}},{"type":"Feature","id":"ffcc-21","geometry":{"type":"Point","coordinates":[-58.484767,-34.508395]},"properties":{"id":"ffcc-21","name":"Borges","tags":{"name":"Borges","railway":"station","line":"Mitre","operator":"SOFSE"},"type":"railway_station"}},{"type":"Feature","id":"ffcc-24","geometry":{"type":"Point","coordinates":[-58.493388,-34.472299]},"properties":{"id":"ffcc-24","name":"Barrancas","tags":{"name":"Barrancas","railway":"station","line":"Mitre","operator":"SOFSE"},"type":"railway_station"}},{"type":"Feature","id":"ffcc-27","geometry":{"type":"Point","coordinates":[-58.538964,-34.444594]},"properties":{"id":"ffcc-27","name":"Marina Nueva","tags":{"name":"Marina Nueva","railway":"station","line":"Mitre","operator":"SOFSE"},"type":"railway_station"}},{"type":"Feature","id":"ffcc-28","geometry":{"type":"Point","coordinates":[-58.553965,-34.437525]},"properties":{"id":"ffcc-28","name":"San Fernando R","tags":{"name":"San Fernando R","railway":"station","line":"Mitre","operator":"SOFSE"},"type":"railway_station"}},{"type":"Feature","id":"ffcc-29","geometry":{"type":"Point","coordinates":[-58.562925,-34.429917]},"properties":{"id":"ffcc-29","name":"Canal San Fernando","tags":{"name":"Canal San Fernando","railway":"station","line":"Mitre","operator":"SOFSE"},"type":"railway_station"}},{"type":"Feature","id":"ffcc-30","geometry":{"type":"Point","coordinates":[-58.576886,-34.418528]},"properties":{"id":"ffcc-30","name":"Delta","tags":{"name":"Delta","railway":"station","line":"Mitre","operator":"SOFSE"},"type":"railway_station"}},{"type":"Feature","id":"ffcc-31","geometry":{"type":"Point","coordinates":[-58.736677,-34.421568]},"properties":{"id":"ffcc-31","name":"Garín","tags":{"name":"Garín","railway":"station","line":"Mitre","operator":"SOFSE"},"type":"railway_station"}},{"type":"Feature","id":"ffcc-33","geometry":{"type":"Point","coordinates":[-58.772052,-34.406871]},"properties":{"id":"ffcc-33","name":"Maq. Savio","tags":{"name":"Maq. Savio","railway":"station","line":"Mitre","operator":"SOFSE"},"type":"railway_station"}},{"type":"Feature","id":"ffcc-34","geometry":{"type":"Point","coordinates":[-58.829689,-34.382837]},"properties":{"id":"ffcc-34","name":"Matheu","tags":{"name":"Matheu","railway":"station","line":"Mitre","operator":"SOFSE"},"type":"railway_station"}},{"type":"Feature","id":"ffcc-37","geometry":{"type":"Point","coordinates":[-59.10166,-34.287046]},"properties":{"id":"ffcc-37","name":"Capilla del Señor","tags":{"name":"Capilla del Señor","railway":"station","line":"Mitre","operator":"SOFSE"},"type":"railway_station"}},{"type":"Feature","id":"ffcc-38","geometry":{"type":"Point","coordinates":[-58.444861,-34.619729]},"properties":{"id":"ffcc-38","name":"Caballito","tags":{"name":"Caballito","railway":"station","line":"Sarmiento","operator":"SOFSE"},"type":"railway_station"}},{"type":"Feature","id":"ffcc-40","geometry":{"type":"Point","coordinates":[-58.46569,-34.6277]},"properties":{"id":"ffcc-40","name":"Flores","tags":{"name":"Flores","railway":"station","line":"Sarmiento","operator":"SOFSE"},"type":"railway_station"}},{"type":"Feature","id":"ffcc-42","geometry":{"type":"Point","coordinates":[-58.513941,-34.637535]},"properties":{"id":"ffcc-42","name":"Talleres Liniers","tags":{"name":"Talleres Liniers","railway":"station","line":"Sarmiento","operator":""},"type":"railway_station"}},{"type":"Feature","id":"ffcc-43","geometry":{"type":"Point","coordinates":[-58.525534,-34.638702]},"properties":{"id":"ffcc-43","name":"Liniers","tags":{"name":"Liniers","railway":"station","line":"Sarmiento","operator":"SOFSE"},"type":"railway_station"}},{"type":"Feature","id":"ffcc-44","geometry":{"type":"Point","coordinates":[-58.54153,-34.639869]},"properties":{"id":"ffcc-44","name":"Ciudadela","tags":{"name":"Ciudadela","railway":"station","line":"Sarmiento","operator":"SOFSE"},"type":"railway_station"}},{"type":"Feature","id":"ffcc-46","geometry":{"type":"Point","coordinates":[-58.564299,-34.640379]},"properties":{"id":"ffcc-46","name":"Ramos Mejía","tags":{"name":"Ramos Mejía","railway":"station","line":"Sarmiento","operator":"SOFSE"},"type":"railway_station"}},{"type":"Feature","id":"ffcc-49","geometry":{"type":"Point","coordinates":[-58.559145,-34.443924]},"properties":{"id":"ffcc-49","name":"San Fernando","tags":{"name":"San Fernando","railway":"station","line":"Mitre","operator":"SOFSE"},"type":"railway_station"}},{"type":"Feature","id":"ffcc-52","geometry":{"type":"Point","coordinates":[-58.567602,-34.437415]},"properties":{"id":"ffcc-52","name":"Carupá","tags":{"name":"Carupá","railway":"station","line":"Mitre","operator":"SOFSE"},"type":"railway_station"}},{"type":"Feature","id":"ffcc-54","geometry":{"type":"Point","coordinates":[-58.581726,-34.423556]},"properties":{"id":"ffcc-54","name":"Tigre","tags":{"name":"Tigre","railway":"station","line":"Mitre","operator":"SOFSE"},"type":"railway_station"}},{"type":"Feature","id":"ffcc-57","geometry":{"type":"Point","coordinates":[-58.436691,-34.562523]},"properties":{"id":"ffcc-57","name":"Lisandro de la Torre","tags":{"name":"Lisandro de la Torre","railway":"station","line":"Mitre","operator":"SOFSE"},"type":"railway_station"}},{"type":"Feature","id":"ffcc-59","geometry":{"type":"Point","coordinates":[-58.449543,-34.558435]},"properties":{"id":"ffcc-59","name":"Belgrano C","tags":{"name":"Belgrano C","railway":"station","line":"Mitre","operator":"SOFSE"},"type":"railway_station"}},{"type":"Feature","id":"ffcc-13","geometry":{"type":"Point","coordinates":[-58.494717,-34.542469]},"properties":{"id":"ffcc-13","name":"J. B. Justo","tags":{"name":"J. B. Justo","railway":"station","line":"Mitre","operator":"SOFSE"},"type":"railway_station"}},{"type":"Feature","id":"ffcc-16","geometry":{"type":"Point","coordinates":[-58.489385,-34.515163]},"properties":{"id":"ffcc-16","name":"Bartolomé Mitre","tags":{"name":"Bartolomé Mitre","railway":"station","line":"Mitre","operator":"SOFSE"},"type":"railway_station"}},{"type":"Feature","id":"ffcc-60","geometry":{"type":"Point","coordinates":[-58.7278,-34.664547]},"properties":{"id":"ffcc-60","name":"Merlo","tags":{"name":"Merlo","railway":"station","line":"Sarmiento","operator":"SOFSE"},"type":"railway_station"}},{"type":"Feature","id":"ffcc-61","geometry":{"type":"Point","coordinates":[-58.463164,-34.547886]},"properties":{"id":"ffcc-61","name":"Nuñez","tags":{"name":"Nuñez","railway":"station","line":"Mitre","operator":"SOFSE"},"type":"railway_station"}},{"type":"Feature","id":"ffcc-63","geometry":{"type":"Point","coordinates":[-58.468128,-34.536227]},"properties":{"id":"ffcc-63","name":"Rivadavia","tags":{"name":"Rivadavia","railway":"station","line":"Mitre","operator":"SOFSE"},"type":"railway_station"}},{"type":"Feature","id":"ffcc-758","geometry":{"type":"Point","coordinates":[-60.408409,-34.621693]},"properties":{"id":"ffcc-758","name":"Cucha Cucha","tags":{"name":"Cucha Cucha","railway":"station","line":"FFCC San Martín","operator":"SOFSE"},"type":"railway_station"}},{"type":"Feature","id":"ffcc-535","geometry":{"type":"Point","coordinates":[-60.313912,-36.896212]},"properties":{"id":"ffcc-535","name":"Olavarría","tags":{"name":"Olavarría","railway":"station","line":"FFCC Roca no operativo","operator":"SOFSE"},"type":"railway_station"}},{"type":"Feature","id":"ffcc-538","geometry":{"type":"Point","coordinates":[-62.282672,-38.723872]},"properties":{"id":"ffcc-538","name":"Bahía Blanca","tags":{"name":"Bahía Blanca","railway":"station","line":"FFCC Roca no operativo","operator":"SOFSE"},"type":"railway_station"}},{"type":"Feature","id":"ffcc-64","geometry":{"type":"Point","coordinates":[-58.789699,-34.650554]},"properties":{"id":"ffcc-64","name":"Moreno","tags":{"name":"Moreno","railway":"station","line":"Sarmiento","operator":"SOFSE"},"type":"railway_station"}},{"type":"Feature","id":"ffcc-65","geometry":{"type":"Point","coordinates":[-58.472899,-34.524561]},"properties":{"id":"ffcc-65","name":"Vicente López","tags":{"name":"Vicente López","railway":"station","line":"Mitre","operator":"SOFSE"},"type":"railway_station"}},{"type":"Feature","id":"ffcc-66","geometry":{"type":"Point","coordinates":[-58.828418,-34.639744]},"properties":{"id":"ffcc-66","name":"La Reja","tags":{"name":"La Reja","railway":"station","line":"Sarmiento","operator":"SOFSE"},"type":"railway_station"}},{"type":"Feature","id":"ffcc-67","geometry":{"type":"Point","coordinates":[-58.480537,-34.507909]},"properties":{"id":"ffcc-67","name":"Olivos","tags":{"name":"Olivos","railway":"station","line":"Mitre","operator":"SOFSE"},"type":"railway_station"}},{"type":"Feature","id":"ffcc-69","geometry":{"type":"Point","coordinates":[-58.488451,-34.497576]},"properties":{"id":"ffcc-69","name":"La Lucila","tags":{"name":"La Lucila","railway":"station","line":"Mitre","operator":"SOFSE"},"type":"railway_station"}},{"type":"Feature","id":"ffcc-71","geometry":{"type":"Point","coordinates":[-58.49645,-34.48862]},"properties":{"id":"ffcc-71","name":"Martinez","tags":{"name":"Martinez","railway":"station","line":"Mitre","operator":"SOFSE"},"type":"railway_station"}},{"type":"Feature","id":"ffcc-73","geometry":{"type":"Point","coordinates":[-58.504463,-34.479583]},"properties":{"id":"ffcc-73","name":"Acassuso","tags":{"name":"Acassuso","railway":"station","line":"Mitre","operator":"SOFSE"},"type":"railway_station"}},{"type":"Feature","id":"ffcc-74","geometry":{"type":"Point","coordinates":[-58.997819,-34.59842]},"properties":{"id":"ffcc-74","name":"La Fraternidad","tags":{"name":"La Fraternidad","railway":"station","line":"Sarmiento","operator":"SOFSE"},"type":"railway_station"}},{"type":"Feature","id":"ffcc-75","geometry":{"type":"Point","coordinates":[-58.513884,-34.471753]},"properties":{"id":"ffcc-75","name":"San Isidro C","tags":{"name":"San Isidro C","railway":"station","line":"Mitre","operator":"SOFSE"},"type":"railway_station"}},{"type":"Feature","id":"ffcc-77","geometry":{"type":"Point","coordinates":[-58.526888,-34.460414]},"properties":{"id":"ffcc-77","name":"Beccar","tags":{"name":"Beccar","railway":"station","line":"Mitre","operator":"SOFSE"},"type":"railway_station"}},{"type":"Feature","id":"ffcc-78","geometry":{"type":"Point","coordinates":[-59.056989,-34.58457]},"properties":{"id":"ffcc-78","name":"Lezica y Torrezuri","tags":{"name":"Lezica y Torrezuri","railway":"station","line":"Sarmiento","operator":"SOFSE"},"type":"railway_station"}},{"type":"Feature","id":"ffcc-79","geometry":{"type":"Point","coordinates":[-59.103991,-34.577356]},"properties":{"id":"ffcc-79","name":"Luján","tags":{"name":"Luján","railway":"station","line":"Sarmiento","operator":"SOFSE"},"type":"railway_station"}},{"type":"Feature","id":"ffcc-80","geometry":{"type":"Point","coordinates":[-59.173566,-34.600642]},"properties":{"id":"ffcc-80","name":"Jáuregui","tags":{"name":"Jáuregui","railway":"station","line":"Sarmiento","operator":"SOFSE"},"type":"railway_station"}},{"type":"Feature","id":"ffcc-81","geometry":{"type":"Point","coordinates":[-59.255373,-34.627974]},"properties":{"id":"ffcc-81","name":"Olivera","tags":{"name":"Olivera","railway":"station","line":"Sarmiento","operator":"SOFSE"},"type":"railway_station"}},{"type":"Feature","id":"ffcc-83","geometry":{"type":"Point","coordinates":[-59.432421,-34.657677]},"properties":{"id":"ffcc-83","name":"Mercedes","tags":{"name":"Mercedes","railway":"station","line":"Sarmiento","operator":"SOFSE"},"type":"railway_station"}},{"type":"Feature","id":"ffcc-86","geometry":{"type":"Point","coordinates":[-58.602826,-34.479754]},"properties":{"id":"ffcc-86","name":"Bancalari","tags":{"name":"Bancalari","railway":"station","line":"Mitre","operator":"SOFSE"},"type":"railway_station"}},{"type":"Feature","id":"ffcc-89","geometry":{"type":"Point","coordinates":[-58.619806,-34.456042]},"properties":{"id":"ffcc-89","name":"Pacheco","tags":{"name":"Pacheco","railway":"station","line":"Mitre","operator":"SOFSE"},"type":"railway_station"}},{"type":"Feature","id":"ffcc-90","geometry":{"type":"Point","coordinates":[-58.684646,-34.409244]},"properties":{"id":"ffcc-90","name":"Benavidez","tags":{"name":"Benavidez","railway":"station","line":"Mitre","operator":"SOFSE"},"type":"railway_station"}},{"type":"Feature","id":"ffcc-91","geometry":{"type":"Point","coordinates":[-58.736371,-34.382973]},"properties":{"id":"ffcc-91","name":"Maschwitz","tags":{"name":"Maschwitz","railway":"station","line":"Mitre","operator":"SOFSE"},"type":"railway_station"}},{"type":"Feature","id":"ffcc-92","geometry":{"type":"Point","coordinates":[-58.795137,-34.349577]},"properties":{"id":"ffcc-92","name":"Escobar","tags":{"name":"Escobar","railway":"station","line":"Mitre","operator":"SOFSE"},"type":"railway_station"}},{"type":"Feature","id":"ffcc-93","geometry":{"type":"Point","coordinates":[-58.890336,-34.277989]},"properties":{"id":"ffcc-93","name":"Río Lujan","tags":{"name":"Río Lujan","railway":"station","line":"Mitre","operator":"SOFSE"},"type":"railway_station"}},{"type":"Feature","id":"ffcc-94","geometry":{"type":"Point","coordinates":[-58.896579,-34.222123]},"properties":{"id":"ffcc-94","name":"Ing. R. Otamendi","tags":{"name":"Ing. R. Otamendi","railway":"station","line":"Mitre","operator":"SOFSE"},"type":"railway_station"}},{"type":"Feature","id":"ffcc-95","geometry":{"type":"Point","coordinates":[-58.958494,-34.156751]},"properties":{"id":"ffcc-95","name":"Campana","tags":{"name":"Campana","railway":"station","line":"Mitre","operator":"SOFSE"},"type":"railway_station"}},{"type":"Feature","id":"ffcc-96","geometry":{"type":"Point","coordinates":[-59.037869,-34.097836]},"properties":{"id":"ffcc-96","name":"Zarate","tags":{"name":"Zarate","railway":"station","line":"Mitre","operator":"SOFSE"},"type":"railway_station"}},{"type":"Feature","id":"ffcc-97","geometry":{"type":"Point","coordinates":[-57.949636,-34.904375]},"properties":{"id":"ffcc-97","name":"La Plata","tags":{"name":"La Plata","railway":"station","line":"Roca","operator":"SOFSE"},"type":"railway_station"}},{"type":"Feature","id":"ffcc-98","geometry":{"type":"Point","coordinates":[-58.612344,-34.474235]},"properties":{"id":"ffcc-98","name":"Bancalari C","tags":{"name":"Bancalari C","railway":"station","line":"Mitre","operator":""},"type":"railway_station"}},{"type":"Feature","id":"ffcc-100","geometry":{"type":"Point","coordinates":[-58.415619,-34.649101]},"properties":{"id":"ffcc-100","name":"Saenz","tags":{"name":"Saenz","railway":"station","line":"Belgrano Sur","operator":"SOFSE"},"type":"railway_station"}},{"type":"Feature","id":"ffcc-101","geometry":{"type":"Point","coordinates":[-58.573035,-34.658071]},"properties":{"id":"ffcc-101","name":"Ing. S. Brian","tags":{"name":"Ing. S. Brian","railway":"station","line":"Roca","operator":"SOFSE"},"type":"railway_station"}},{"type":"Feature","id":"ffcc-102","geometry":{"type":"Point","coordinates":[-58.555844,-34.673795]},"properties":{"id":"ffcc-102","name":"San Justo","tags":{"name":"San Justo","railway":"station","line":"Roca","operator":"SOFSE"},"type":"railway_station"}},{"type":"Feature","id":"ffcc-103","geometry":{"type":"Point","coordinates":[-58.417456,-34.64903]},"properties":{"id":"ffcc-103","name":"Empalme Sáenz","tags":{"name":"Empalme Sáenz","railway":"station","line":"Belgrano Sur","operator":""},"type":"railway_station"}},{"type":"Feature","id":"ffcc-105","geometry":{"type":"Point","coordinates":[-58.528094,-34.69304]},"properties":{"id":"ffcc-105","name":"La Tablada","tags":{"name":"La Tablada","railway":"station","line":"Roca","operator":"SOFSE"},"type":"railway_station"}},{"type":"Feature","id":"ffcc-109","geometry":{"type":"Point","coordinates":[-58.464985,-34.743502]},"properties":{"id":"ffcc-109","name":"Km 34","tags":{"name":"Km 34","railway":"station","line":"Roca","operator":"SOFSE"},"type":"railway_station"}},{"type":"Feature","id":"ffcc-110","geometry":{"type":"Point","coordinates":[-58.437421,-34.780288]},"properties":{"id":"ffcc-110","name":"Santa Catalina","tags":{"name":"Santa Catalina","railway":"station","line":"Roca","operator":"SOFSE"},"type":"railway_station"}},{"type":"Feature","id":"ffcc-112","geometry":{"type":"Point","coordinates":[-58.506004,-34.709911]},"properties":{"id":"ffcc-112","name":"Castello","tags":{"name":"Castello","railway":"station","line":"Belgrano Sur","operator":"SOFSE"},"type":"railway_station"}},{"type":"Feature","id":"ffcc-113","geometry":{"type":"Point","coordinates":[-58.381139,-34.791932]},"properties":{"id":"ffcc-113","name":"José Mármol","tags":{"name":"José Mármol","railway":"station","line":"Roca","operator":"SOFSE"},"type":"railway_station"}},{"type":"Feature","id":"ffcc-120","geometry":{"type":"Point","coordinates":[-58.593853,-34.909614]},"properties":{"id":"ffcc-120","name":"Carlos Spegazzini","tags":{"name":"Carlos Spegazzini","railway":"station","line":"Roca","operator":"SOFSE"},"type":"railway_station"}},{"type":"Feature","id":"ffcc-255","geometry":{"type":"Point","coordinates":[-58.405818,-34.786589]},"properties":{"id":"ffcc-255","name":"","tags":{"name":"","railway":"station","line":"Roca","operator":""},"type":"railway_station"}},{"type":"Feature","id":"ffcc-546","geometry":{"type":"Point","coordinates":[-62.29913,-32.664984]},"properties":{"id":"ffcc-546","name":"Leones","tags":{"name":"Leones","railway":"station","line":"FFCC Mitre","operator":"SOFSE"},"type":"railway_station"}},{"type":"Feature","id":"ffcc-801","geometry":{"type":"Point","coordinates":[-59.868888,-33.659427]},"properties":{"id":"ffcc-801","name":"Gobernador Castro","tags":{"name":"Gobernador Castro","railway":"station","line":"FFCC Mitre","operator":""},"type":"railway_station"}},{"type":"Feature","id":"ffcc-803","geometry":{"type":"Point","coordinates":[-65.211013,-26.820869]},"properties":{"id":"ffcc-803","name":"Tucumán","tags":{"name":"Tucumán","railway":"station","line":"FFCC Mitre","operator":""},"type":"railway_station"}},{"type":"Feature","id":"ffcc-804","geometry":{"type":"Point","coordinates":[-65.14572,-26.818181]},"properties":{"id":"ffcc-804","name":"Alderetes","tags":{"name":"Alderetes","railway":"station","line":"FFCC Mitre","operator":""},"type":"railway_station"}},{"type":"Feature","id":"ffcc-806","geometry":{"type":"Point","coordinates":[-63.066487,-28.483079]},"properties":{"id":"ffcc-806","name":"Herrera","tags":{"name":"Herrera","railway":"station","line":"FFCC Mitre","operator":""},"type":"railway_station"}},{"type":"Feature","id":"ffcc-807","geometry":{"type":"Point","coordinates":[-61.731416,-30.233853]},"properties":{"id":"ffcc-807","name":"Arrufó","tags":{"name":"Arrufó","railway":"station","line":"FFCC Mitre","operator":""},"type":"railway_station"}},{"type":"Feature","id":"ffcc-808","geometry":{"type":"Point","coordinates":[-60.871498,-32.667566]},"properties":{"id":"ffcc-808","name":"Andino","tags":{"name":"Andino","railway":"station","line":"FFCC Mitre","operator":""},"type":"railway_station"}},{"type":"Feature","id":"ffcc-809","geometry":{"type":"Point","coordinates":[-60.747089,-32.753302]},"properties":{"id":"ffcc-809","name":"San Lorenzo","tags":{"name":"San Lorenzo","railway":"station","line":"FFCC Mitre","operator":""},"type":"railway_station"}},{"type":"Feature","id":"ffcc-121","geometry":{"type":"Point","coordinates":[-58.620633,-34.936369]},"properties":{"id":"ffcc-121","name":"Máximo Paz","tags":{"name":"Máximo Paz","railway":"station","line":"Roca","operator":"SOFSE"},"type":"railway_station"}},{"type":"Feature","id":"ffcc-122","geometry":{"type":"Point","coordinates":[-58.647687,-34.962256]},"properties":{"id":"ffcc-122","name":"Vicente Casares","tags":{"name":"Vicente Casares","railway":"station","line":"Roca","operator":"SOFSE"},"type":"railway_station"}},{"type":"Feature","id":"ffcc-123","geometry":{"type":"Point","coordinates":[-58.673668,-34.97716]},"properties":{"id":"ffcc-123","name":"Alejandro Petión","tags":{"name":"Alejandro Petión","railway":"station","line":"Roca","operator":"SOFSE"},"type":"railway_station"}},{"type":"Feature","id":"ffcc-127","geometry":{"type":"Point","coordinates":[-58.52285,-34.854045]},"properties":{"id":"ffcc-127","name":"Ezeiza","tags":{"name":"Ezeiza","railway":"station","line":"Roca","operator":"SOFSE"},"type":"railway_station"}},{"type":"Feature","id":"ffcc-128","geometry":{"type":"Point","coordinates":[-58.496152,-34.833264]},"properties":{"id":"ffcc-128","name":"El Jagüel","tags":{"name":"El Jagüel","railway":"station","line":"Roca","operator":"SOFSE"},"type":"railway_station"}},{"type":"Feature","id":"ffcc-129","geometry":{"type":"Point","coordinates":[-58.469705,-34.814437]},"properties":{"id":"ffcc-129","name":"Monte Grande","tags":{"name":"Monte Grande","railway":"station","line":"Roca","operator":"SOFSE"},"type":"railway_station"}},{"type":"Feature","id":"ffcc-130","geometry":{"type":"Point","coordinates":[-58.408018,-34.795057]},"properties":{"id":"ffcc-130","name":"Turdera","tags":{"name":"Turdera","railway":"station","line":"Roca","operator":"SOFSE"},"type":"railway_station"}},{"type":"Feature","id":"ffcc-131","geometry":{"type":"Point","coordinates":[-58.430098,-34.797145]},"properties":{"id":"ffcc-131","name":"Lavallol","tags":{"name":"Lavallol","railway":"station","line":"Roca","operator":"SOFSE"},"type":"railway_station"}},{"type":"Feature","id":"ffcc-132","geometry":{"type":"Point","coordinates":[-58.359412,-34.796738]},"properties":{"id":"ffcc-132","name":"Rafael Calzada","tags":{"name":"Rafael Calzada","railway":"station","line":"Roca","operator":"SOFSE"},"type":"railway_station"}},{"type":"Feature","id":"ffcc-136","geometry":{"type":"Point","coordinates":[-58.230528,-34.81944]},"properties":{"id":"ffcc-136","name":"Bosques","tags":{"name":"Bosques","railway":"station","line":"Roca","operator":"SOFSE"},"type":"railway_station"}},{"type":"Feature","id":"ffcc-138","geometry":{"type":"Point","coordinates":[-58.188328,-34.833163]},"properties":{"id":"ffcc-138","name":"Gutierrez","tags":{"name":"Gutierrez","railway":"station","line":"Roca","operator":"SOFSE"},"type":"railway_station"}},{"type":"Feature","id":"ffcc-141","geometry":{"type":"Point","coordinates":[-58.617111,-34.760793]},"properties":{"id":"ffcc-141","name":"Pda. Independencia","tags":{"name":"Pda. Independencia","railway":"station","line":"Belgrano Sur","operator":"SOFSE"},"type":"railway_station"}},{"type":"Feature","id":"ffcc-144","geometry":{"type":"Point","coordinates":[-58.448613,-34.665336]},"properties":{"id":"ffcc-144","name":"Pte. Illia","tags":{"name":"Pte. Illia","railway":"station","line":"Belgrano Sur","operator":"SOFSE"},"type":"railway_station"}},{"type":"Feature","id":"ffcc-145","geometry":{"type":"Point","coordinates":[-58.462343,-34.567813]},"properties":{"id":"ffcc-145","name":"Belgrano R","tags":{"name":"Belgrano R","railway":"station","line":"Mitre","operator":"SOFSE"},"type":"railway_station"}},{"type":"Feature","id":"ffcc-146","geometry":{"type":"Point","coordinates":[-58.434653,-34.575443]},"properties":{"id":"ffcc-146","name":"Carranza","tags":{"name":"Carranza","railway":"station","line":"Mitre","operator":"SOFSE"},"type":"railway_station"}},{"type":"Feature","id":"ffcc-147","geometry":{"type":"Point","coordinates":[-59.087189,-34.577469]},"properties":{"id":"ffcc-147","name":"Universidad de Luján","tags":{"name":"Universidad de Luján","railway":"station","line":"Sarmiento","operator":"SOFSE"},"type":"railway_station"}},{"type":"Feature","id":"ffcc-545","geometry":{"type":"Point","coordinates":[-62.106077,-32.699082]},"properties":{"id":"ffcc-545","name":"Marcos Juárez","tags":{"name":"Marcos Juárez","railway":"station","line":"FFCC Mitre","operator":"SOFSE"},"type":"railway_station"}},{"type":"Feature","id":"ffcc-143","geometry":{"type":"Point","coordinates":[-58.798769,-34.503522]},"properties":{"id":"ffcc-143","name":"Sol y Verde","tags":{"name":"Sol y Verde","railway":"station","line":"San Martín","operator":"SOFSE"},"type":"railway_station"}},{"type":"Feature","id":"ffcc-149","geometry":{"type":"Point","coordinates":[-58.574353,-34.472051]},"properties":{"id":"ffcc-149","name":"Dr. Albert Schweitzer","tags":{"name":"Dr. Albert Schweitzer","railway":"station","line":"Mitre","operator":"SOFSE"},"type":"railway_station"}},{"type":"Feature","id":"ffcc-150","geometry":{"type":"Point","coordinates":[-58.646021,-34.462779]},"properties":{"id":"ffcc-150","name":"El Talar","tags":{"name":"El Talar","railway":"station","line":"Mitre","operator":"SOFSE"},"type":"railway_station"}},{"type":"Feature","id":"ffcc-151","geometry":{"type":"Point","coordinates":[-58.677361,-34.446906]},"properties":{"id":"ffcc-151","name":"Lopez Camelo","tags":{"name":"Lopez Camelo","railway":"station","line":"Mitre","operator":"SOFSE"},"type":"railway_station"}},{"type":"Feature","id":"ffcc-158","geometry":{"type":"Point","coordinates":[-58.203226,-34.789395]},"properties":{"id":"ffcc-158","name":"Ranelagh","tags":{"name":"Ranelagh","railway":"station","line":"Roca","operator":"SOFSE"},"type":"railway_station"}},{"type":"Feature","id":"ffcc-160","geometry":{"type":"Point","coordinates":[-58.010439,-34.880144]},"properties":{"id":"ffcc-160","name":"Manuel Gonnet","tags":{"name":"Manuel Gonnet","railway":"station","line":"Roca","operator":"SOFSE"},"type":"railway_station"}},{"type":"Feature","id":"ffcc-161","geometry":{"type":"Point","coordinates":[-57.995933,-34.88145]},"properties":{"id":"ffcc-161","name":"Ringuelet","tags":{"name":"Ringuelet","railway":"station","line":"Roca","operator":"SOFSE"},"type":"railway_station"}},{"type":"Feature","id":"ffcc-162","geometry":{"type":"Point","coordinates":[-58.075047,-34.849681]},"properties":{"id":"ffcc-162","name":"Villa Elisa","tags":{"name":"Villa Elisa","railway":"station","line":"Roca","operator":"SOFSE"},"type":"railway_station"}},{"type":"Feature","id":"ffcc-163","geometry":{"type":"Point","coordinates":[-58.170936,-34.78215]},"properties":{"id":"ffcc-163","name":"Plátanos","tags":{"name":"Plátanos","railway":"station","line":"Roca","operator":"SOFSE"},"type":"railway_station"}},{"type":"Feature","id":"ffcc-164","geometry":{"type":"Point","coordinates":[-58.155633,-34.790828]},"properties":{"id":"ffcc-164","name":"Hudson","tags":{"name":"Hudson","railway":"station","line":"Roca","operator":"SOFSE"},"type":"railway_station"}},{"type":"Feature","id":"ffcc-165","geometry":{"type":"Point","coordinates":[-58.394325,-34.79785]},"properties":{"id":"ffcc-165","name":"Adrogué","tags":{"name":"Adrogué","railway":"station","line":"Roca","operator":"SOFSE"},"type":"railway_station"}},{"type":"Feature","id":"ffcc-166","geometry":{"type":"Point","coordinates":[-58.391294,-34.825058]},"properties":{"id":"ffcc-166","name":"Burzaco","tags":{"name":"Burzaco","railway":"station","line":"Roca","operator":"SOFSE"},"type":"railway_station"}},{"type":"Feature","id":"ffcc-167","geometry":{"type":"Point","coordinates":[-58.387156,-34.859478]},"properties":{"id":"ffcc-167","name":"Longchamps","tags":{"name":"Longchamps","railway":"station","line":"Roca","operator":"SOFSE"},"type":"railway_station"}},{"type":"Feature","id":"ffcc-168","geometry":{"type":"Point","coordinates":[-58.383872,-34.888564]},"properties":{"id":"ffcc-168","name":"Glew","tags":{"name":"Glew","railway":"station","line":"Roca","operator":"SOFSE"},"type":"railway_station"}},{"type":"Feature","id":"ffcc-169","geometry":{"type":"Point","coordinates":[-58.380658,-34.917953]},"properties":{"id":"ffcc-169","name":"Guernica","tags":{"name":"Guernica","railway":"station","line":"Roca","operator":"SOFSE"},"type":"railway_station"}},{"type":"Feature","id":"ffcc-170","geometry":{"type":"Point","coordinates":[-58.373927,-34.980548]},"properties":{"id":"ffcc-170","name":"Alejandro Korn","tags":{"name":"Alejandro Korn","railway":"station","line":"Roca","operator":"SOFSE"},"type":"railway_station"}},{"type":"Feature","id":"ffcc-173","geometry":{"type":"Point","coordinates":[-58.390764,-34.707261]},"properties":{"id":"ffcc-173","name":"Lanús","tags":{"name":"Lanús","railway":"station","line":"Roca","operator":"SOFSE"},"type":"railway_station"}},{"type":"Feature","id":"ffcc-174","geometry":{"type":"Point","coordinates":[-58.395679,-34.743427]},"properties":{"id":"ffcc-174","name":"Banfield","tags":{"name":"Banfield","railway":"station","line":"Roca","operator":"SOFSE"},"type":"railway_station"}},{"type":"Feature","id":"ffcc-176","geometry":{"type":"Point","coordinates":[-58.500969,-34.636124]},"properties":{"id":"ffcc-176","name":"Villa Luro","tags":{"name":"Villa Luro","railway":"station","line":"Sarmiento","operator":"SOFSE"},"type":"railway_station"}},{"type":"Feature","id":"ffcc-177","geometry":{"type":"Point","coordinates":[-58.380499,-34.628683]},"properties":{"id":"ffcc-177","name":"Plaza Constitución","tags":{"name":"Plaza Constitución","railway":"station","line":"Roca","operator":"SOFSE"},"type":"railway_station"}},{"type":"Feature","id":"ffcc-178","geometry":{"type":"Point","coordinates":[-58.345578,-34.678783]},"properties":{"id":"ffcc-178","name":"Sarandí","tags":{"name":"Sarandí","railway":"station","line":"Roca","operator":"SOFSE"},"type":"railway_station"}},{"type":"Feature","id":"ffcc-179","geometry":{"type":"Point","coordinates":[-58.325442,-34.691542]},"properties":{"id":"ffcc-179","name":"Villa Domínico","tags":{"name":"Villa Domínico","railway":"station","line":"Roca","operator":"SOFSE"},"type":"railway_station"}},{"type":"Feature","id":"ffcc-810","geometry":{"type":"Point","coordinates":[-58.808204,-34.744848]},"properties":{"id":"ffcc-810","name":"Maquinista Ricardo Cal","tags":{"name":"Maquinista Ricardo Cal","railway":"station","line":"Sarmiento","operator":""},"type":"railway_station"}},{"type":"Feature","id":"ffcc-53","geometry":{"type":"Point","coordinates":[-58.619053,-34.648224]},"properties":{"id":"ffcc-53","name":"Morón","tags":{"name":"Morón","railway":"station","line":"Sarmiento","operator":"SOFSE"},"type":"railway_station"}},{"type":"Feature","id":"ffcc-55","geometry":{"type":"Point","coordinates":[-58.641639,-34.651847]},"properties":{"id":"ffcc-55","name":"Castelar","tags":{"name":"Castelar","railway":"station","line":"Sarmiento","operator":"SOFSE"},"type":"railway_station"}},{"type":"Feature","id":"ffcc-180","geometry":{"type":"Point","coordinates":[-58.311162,-34.697484]},"properties":{"id":"ffcc-180","name":"Wilde","tags":{"name":"Wilde","railway":"station","line":"Roca","operator":"SOFSE"},"type":"railway_station"}},{"type":"Feature","id":"ffcc-181","geometry":{"type":"Point","coordinates":[-58.296198,-34.70342]},"properties":{"id":"ffcc-181","name":"Don Bosco","tags":{"name":"Don Bosco","railway":"station","line":"Roca","operator":"SOFSE"},"type":"railway_station"}},{"type":"Feature","id":"ffcc-182","geometry":{"type":"Point","coordinates":[-58.280489,-34.709418]},"properties":{"id":"ffcc-182","name":"Bernal","tags":{"name":"Bernal","railway":"station","line":"Roca","operator":"SOFSE"},"type":"railway_station"}},{"type":"Feature","id":"ffcc-183","geometry":{"type":"Point","coordinates":[-58.260794,-34.724269]},"properties":{"id":"ffcc-183","name":"Quilmes","tags":{"name":"Quilmes","railway":"station","line":"Roca","operator":"SOFSE"},"type":"railway_station"}},{"type":"Feature","id":"ffcc-184","geometry":{"type":"Point","coordinates":[-58.234319,-34.751883]},"properties":{"id":"ffcc-184","name":"Ezpeleta","tags":{"name":"Ezpeleta","railway":"station","line":"Roca","operator":"SOFSE"},"type":"railway_station"}},{"type":"Feature","id":"ffcc-185","geometry":{"type":"Point","coordinates":[-58.208822,-34.764031]},"properties":{"id":"ffcc-185","name":"Berazategui","tags":{"name":"Berazategui","railway":"station","line":"Roca","operator":"SOFSE"},"type":"railway_station"}},{"type":"Feature","id":"ffcc-188","geometry":{"type":"Point","coordinates":[-58.382775,-34.685933]},"properties":{"id":"ffcc-188","name":"Gerli","tags":{"name":"Gerli","railway":"station","line":"Roca","operator":"SOFSE"},"type":"railway_station"}},{"type":"Feature","id":"ffcc-190","geometry":{"type":"Point","coordinates":[-58.393603,-34.726803]},"properties":{"id":"ffcc-190","name":"Remedios de Escalada","tags":{"name":"Remedios de Escalada","railway":"station","line":"Roca","operator":"SOFSE"},"type":"railway_station"}},{"type":"Feature","id":"ffcc-191","geometry":{"type":"Point","coordinates":[-58.394153,-34.733181]},"properties":{"id":"ffcc-191","name":"Empalme a Talleres","tags":{"name":"Empalme a Talleres","railway":"station","line":"Roca","operator":""},"type":"railway_station"}},{"type":"Feature","id":"ffcc-192","geometry":{"type":"Point","coordinates":[-58.754506,-35.059336]},"properties":{"id":"ffcc-192","name":"Cañuelas","tags":{"name":"Cañuelas","railway":"station","line":"Roca","operator":"SOFSE"},"type":"railway_station"}},{"type":"Feature","id":"ffcc-199","geometry":{"type":"Point","coordinates":[-58.506009,-34.709968]},"properties":{"id":"ffcc-199","name":"Km. 12","tags":{"name":"Km. 12","railway":"station","line":"Belgrano Sur","operator":"SOFSE"},"type":"railway_station"}},{"type":"Feature","id":"ffcc-200","geometry":{"type":"Point","coordinates":[-58.514389,-34.710766]},"properties":{"id":"ffcc-200","name":"Aldo Bonzi","tags":{"name":"Aldo Bonzi","railway":"station","line":"Belgrano Sur","operator":"SOFSE"},"type":"railway_station"}},{"type":"Feature","id":"ffcc-201","geometry":{"type":"Point","coordinates":[-58.524545,-34.712372]},"properties":{"id":"ffcc-201","name":"M. S. de Mendeville","tags":{"name":"M. S. de Mendeville","railway":"station","line":"Belgrano Sur","operator":"SOFSE"},"type":"railway_station"}},{"type":"Feature","id":"ffcc-186","geometry":{"type":"Point","coordinates":[-58.378717,-34.653572]},"properties":{"id":"ffcc-186","name":"Hipólito Yrigoyen","tags":{"name":"Hipólito Yrigoyen","railway":"station","line":"","operator":"SOFSE"},"type":"railway_station"}},{"type":"Feature","id":"ffcc-133","geometry":{"type":"Point","coordinates":[-58.302718,-34.808911]},"properties":{"id":"ffcc-133","name":"Ing. Dante Ardigó","tags":{"name":"Ing. Dante Ardigó","railway":"station","line":"Roca","operator":"SOFSE"},"type":"railway_station"}},{"type":"Feature","id":"ffcc-134","geometry":{"type":"Point","coordinates":[-58.274694,-34.81101]},"properties":{"id":"ffcc-134","name":"Florencio Varela","tags":{"name":"Florencio Varela","railway":"station","line":"Roca","operator":"SOFSE"},"type":"railway_station"}},{"type":"Feature","id":"ffcc-135","geometry":{"type":"Point","coordinates":[-58.256656,-34.810979]},"properties":{"id":"ffcc-135","name":"Estanislao Zeballos","tags":{"name":"Estanislao Zeballos","railway":"station","line":"Roca","operator":"SOFSE"},"type":"railway_station"}},{"type":"Feature","id":"ffcc-140","geometry":{"type":"Point","coordinates":[-58.337905,-34.801129]},"properties":{"id":"ffcc-140","name":"Claypole","tags":{"name":"Claypole","railway":"station","line":"Roca","operator":"SOFSE"},"type":"railway_station"}},{"type":"Feature","id":"ffcc-171","geometry":{"type":"Point","coordinates":[-58.39668,-34.775714]},"properties":{"id":"ffcc-171","name":"Temperley","tags":{"name":"Temperley","railway":"station","line":"Roca","operator":"SOFSE"},"type":"railway_station"}},{"type":"Feature","id":"ffcc-811","geometry":{"type":"Point","coordinates":[-58.938711,-34.828825]},"properties":{"id":"ffcc-811","name":"Villars","tags":{"name":"Villars","railway":"station","line":"Belgrano Sur","operator":"Trenes Argentinos Cargas y LogÇðstica"},"type":"railway_station"}},{"type":"Feature","id":"ffcc-812","geometry":{"type":"Point","coordinates":[-59.053831,-34.851094]},"properties":{"id":"ffcc-812","name":"Lozano","tags":{"name":"Lozano","railway":"station","line":"Belgrano Sur","operator":""},"type":"railway_station"}},{"type":"Feature","id":"ffcc-539","geometry":{"type":"Point","coordinates":[-62.352098,-37.763373]},"properties":{"id":"ffcc-539","name":"Saavedra","tags":{"name":"Saavedra","railway":"station","line":"FFCC Roca no operativo","operator":"SOFSE"},"type":"railway_station"}},{"type":"Feature","id":"ffcc-540","geometry":{"type":"Point","coordinates":[-61.258523,-37.250515]},"properties":{"id":"ffcc-540","name":"General Lamadrid","tags":{"name":"General Lamadrid","railway":"station","line":"FFCC Roca no operativo","operator":"SOFSE"},"type":"railway_station"}},{"type":"Feature","id":"ffcc-541","geometry":{"type":"Point","coordinates":[-61.932059,-37.460706]},"properties":{"id":"ffcc-541","name":"Coronel Suárez","tags":{"name":"Coronel Suárez","railway":"station","line":"FFCC Roca no operativo","operator":"SOFSE"},"type":"railway_station"}},{"type":"Feature","id":"ffcc-542","geometry":{"type":"Point","coordinates":[-62.41159,-37.60103]},"properties":{"id":"ffcc-542","name":"Pigüe","tags":{"name":"Pigüe","railway":"station","line":"FFCC Roca no operativo","operator":"SOFSE"},"type":"railway_station"}},{"type":"Feature","id":"ffcc-543","geometry":{"type":"Point","coordinates":[-62.229511,-38.101675]},"properties":{"id":"ffcc-543","name":"Tornquist","tags":{"name":"Tornquist","railway":"station","line":"FFCC Roca no operativo","operator":"SOFSE"},"type":"railway_station"}},{"type":"Feature","id":"ffcc-6","geometry":{"type":"Point","coordinates":[-58.575667,-34.534997]},"properties":{"id":"ffcc-6","name":"José Leon Suarez","tags":{"name":"José Leon Suarez","railway":"station","line":"Mitre","operator":"SOFSE"},"type":"railway_station"}},{"type":"Feature","id":"ffcc-7","geometry":{"type":"Point","coordinates":[-58.478922,-34.568359]},"properties":{"id":"ffcc-7","name":"Dr. L. M. Drago","tags":{"name":"Dr. L. M. Drago","railway":"station","line":"Mitre","operator":"SOFSE"},"type":"railway_station"}},{"type":"Feature","id":"ffcc-50","geometry":{"type":"Point","coordinates":[-58.611625,-34.647109]},"properties":{"id":"ffcc-50","name":"M. J. Haedo Cabina Oeste","tags":{"name":"M. J. Haedo Cabina Oeste","railway":"station","line":"Sarmiento","operator":""},"type":"railway_station"}},{"type":"Feature","id":"ffcc-704","geometry":{"type":"Point","coordinates":[-59.661581,-27.565052]},"properties":{"id":"ffcc-704","name":"Río Tapenaga","tags":{"name":"Río Tapenaga","railway":"station","line":"FFCC Belgrano","operator":"SOFSE"},"type":"railway_station"}},{"type":"Feature","id":"ffcc-705","geometry":{"type":"Point","coordinates":[-59.574257,-27.527306]},"properties":{"id":"ffcc-705","name":"Cote Lai","tags":{"name":"Cote Lai","railway":"station","line":"FFCC Belgrano","operator":"SOFSE"},"type":"railway_station"}},{"type":"Feature","id":"ffcc-709","geometry":{"type":"Point","coordinates":[-59.70983,-27.585795]},"properties":{"id":"ffcc-709","name":"Desvío Km. 474","tags":{"name":"Desvío Km. 474","railway":"station","line":"FFCC Belgrano","operator":"SOFSE"},"type":"railway_station"}},{"type":"Feature","id":"ffcc-710","geometry":{"type":"Point","coordinates":[-59.491941,-27.459251]},"properties":{"id":"ffcc-710","name":"Km. 501","tags":{"name":"Km. 501","railway":"station","line":"FFCC Belgrano","operator":"SOFSE"},"type":"railway_station"}},{"type":"Feature","id":"ffcc-817","geometry":{"type":"Point","coordinates":[-59.937239,-27.871339]},"properties":{"id":"ffcc-817","name":"La Sabana","tags":{"name":"La Sabana","railway":"station","line":"FFCC Belgrano","operator":"SOFSE"},"type":"railway_station"}},{"type":"Feature","id":"ffcc-818","geometry":{"type":"Point","coordinates":[-59.980267,-28.101447]},"properties":{"id":"ffcc-818","name":"Los Amores","tags":{"name":"Los Amores","railway":"station","line":"FFCC Belgrano","operator":"SOFSE"},"type":"railway_station"}},{"type":"Feature","id":"ffcc-714","geometry":{"type":"Point","coordinates":[-59.035456,-27.420897]},"properties":{"id":"ffcc-714","name":"Sarmiento","tags":{"name":"Sarmiento","railway":"station","line":"FFCC Belgrano","operator":"SOFSE"},"type":"railway_station"}},{"type":"Feature","id":"ffcc-715","geometry":{"type":"Point","coordinates":[-59.029598,-27.424292]},"properties":{"id":"ffcc-715","name":"Güemes","tags":{"name":"Güemes","railway":"station","line":"FFCC Belgrano","operator":"SOFSE"},"type":"railway_station"}},{"type":"Feature","id":"ffcc-813","geometry":{"type":"Point","coordinates":[-59.089273,-27.37406]},"properties":{"id":"ffcc-813","name":"Puerto Tirol","tags":{"name":"Puerto Tirol","railway":"station","line":"FFCC Belgrano","operator":""},"type":"railway_station"}},{"type":"Feature","id":"ffcc-814","geometry":{"type":"Point","coordinates":[-59.082004,-27.391987]},"properties":{"id":"ffcc-814","name":"Aborigen","tags":{"name":"Aborigen","railway":"station","line":"FFCC Belgrano","operator":""},"type":"railway_station"}},{"type":"Feature","id":"ffcc-815","geometry":{"type":"Point","coordinates":[-59.085117,-27.389241]},"properties":{"id":"ffcc-815","name":"Los Aromos","tags":{"name":"Los Aromos","railway":"station","line":"FFCC Belgrano","operator":""},"type":"railway_station"}},{"type":"Feature","id":"ffcc-816","geometry":{"type":"Point","coordinates":[-59.055031,-27.410926]},"properties":{"id":"ffcc-816","name":"Anunciacion","tags":{"name":"Anunciacion","railway":"station","line":"FFCC Belgrano","operator":""},"type":"railway_station"}},{"type":"Feature","id":"ffcc-58","geometry":{"type":"Point","coordinates":[-58.698884,-34.665506]},"properties":{"id":"ffcc-58","name":"San Antonio de Padua","tags":{"name":"San Antonio de Padua","railway":"station","line":"Sarmiento","operator":"SOFSE"},"type":"railway_station"}},{"type":"Feature","id":"ffcc-62","geometry":{"type":"Point","coordinates":[-58.762019,-34.658258]},"properties":{"id":"ffcc-62","name":"Paso del Rey","tags":{"name":"Paso del Rey","railway":"station","line":"Sarmiento","operator":"SOFSE"},"type":"railway_station"}},{"type":"Feature","id":"ffcc-41","geometry":{"type":"Point","coordinates":[-58.480924,-34.632422]},"properties":{"id":"ffcc-41","name":"Floresta","tags":{"name":"Floresta","railway":"station","line":"Sarmiento","operator":"SOFSE"},"type":"railway_station"}},{"type":"Feature","id":"ffcc-56","geometry":{"type":"Point","coordinates":[-58.666895,-34.659808]},"properties":{"id":"ffcc-56","name":"Ituzaingó","tags":{"name":"Ituzaingó","railway":"station","line":"Sarmiento","operator":"SOFSE"},"type":"railway_station"}},{"type":"Feature","id":"ffcc-68","geometry":{"type":"Point","coordinates":[-58.855296,-34.632234]},"properties":{"id":"ffcc-68","name":"Francisco Álvarez","tags":{"name":"Francisco Álvarez","railway":"station","line":"Sarmiento","operator":"SOFSE"},"type":"railway_station"}},{"type":"Feature","id":"ffcc-4","geometry":{"type":"Point","coordinates":[-58.547854,-34.557435]},"properties":{"id":"ffcc-4","name":"Malaver","tags":{"name":"Malaver","railway":"station","line":"Mitre","operator":"SOFSE"},"type":"railway_station"}},{"type":"Feature","id":"ffcc-5","geometry":{"type":"Point","coordinates":[-58.566941,-34.54217]},"properties":{"id":"ffcc-5","name":"Chilavert","tags":{"name":"Chilavert","railway":"station","line":"Mitre","operator":"SOFSE"},"type":"railway_station"}},{"type":"Feature","id":"ffcc-11","geometry":{"type":"Point","coordinates":[-58.475192,-34.565288]},"properties":{"id":"ffcc-11","name":"Coghlan","tags":{"name":"Coghlan","railway":"station","line":"Mitre","operator":"SOFSE"},"type":"railway_station"}},{"type":"Feature","id":"ffcc-39","geometry":{"type":"Point","coordinates":[-58.453406,-34.623368]},"properties":{"id":"ffcc-39","name":"Caballito (Cabina Oeste)","tags":{"name":"Caballito (Cabina Oeste)","railway":"station","line":"Sarmiento","operator":""},"type":"railway_station"}},{"type":"Feature","id":"ffcc-20","geometry":{"type":"Point","coordinates":[-58.488056,-34.513566]},"properties":{"id":"ffcc-20","name":"Av. Maipú","tags":{"name":"Av. Maipú","railway":"station","line":"Mitre","operator":"SOFSE"},"type":"railway_station"}},{"type":"Feature","id":"ffcc-22","geometry":{"type":"Point","coordinates":[-58.48197,-34.502025]},"properties":{"id":"ffcc-22","name":"Libertador","tags":{"name":"Libertador","railway":"station","line":"Mitre","operator":"SOFSE"},"type":"railway_station"}},{"type":"Feature","id":"ffcc-23","geometry":{"type":"Point","coordinates":[-58.481275,-34.489013]},"properties":{"id":"ffcc-23","name":"J. Anchorena","tags":{"name":"J. Anchorena","railway":"station","line":"Mitre","operator":"SOFSE"},"type":"railway_station"}},{"type":"Feature","id":"ffcc-189","geometry":{"type":"Point","coordinates":[-58.392731,-34.719208]},"properties":{"id":"ffcc-189","name":"Empalme a Talleres","tags":{"name":"Empalme a Talleres","railway":"station","line":"Roca","operator":""},"type":"railway_station"}},{"type":"Feature","id":"ffcc-1","geometry":{"type":"Point","coordinates":[-58.531653,-34.573675]},"properties":{"id":"ffcc-1","name":"San Martin","tags":{"name":"San Martin","railway":"station","line":"Mitre","operator":"SOFSE"},"type":"railway_station"}},{"type":"Feature","id":"ffcc-35","geometry":{"type":"Point","coordinates":[-58.869329,-34.370141]},"properties":{"id":"ffcc-35","name":"Zelaya","tags":{"name":"Zelaya","railway":"station","line":"Mitre","operator":"SOFSE"},"type":"railway_station"}},{"type":"Feature","id":"ffcc-36","geometry":{"type":"Point","coordinates":[-58.987425,-34.330872]},"properties":{"id":"ffcc-36","name":"Los Cardales","tags":{"name":"Los Cardales","railway":"station","line":"Mitre","operator":"SOFSE"},"type":"railway_station"}},{"type":"Feature","id":"ffcc-47","geometry":{"type":"Point","coordinates":[-58.550516,-34.450763]},"properties":{"id":"ffcc-47","name":"Virreyes","tags":{"name":"Virreyes","railway":"station","line":"Mitre","operator":"SOFSE"},"type":"railway_station"}},{"type":"Feature","id":"ffcc-8","geometry":{"type":"Point","coordinates":[-58.487915,-34.574719]},"properties":{"id":"ffcc-8","name":"Gral. Urquiza","tags":{"name":"Gral. Urquiza","railway":"station","line":"Mitre","operator":"SOFSE"},"type":"railway_station"}},{"type":"Feature","id":"ffcc-9","geometry":{"type":"Point","coordinates":[-58.501791,-34.580478]},"properties":{"id":"ffcc-9","name":"Pueyrredon","tags":{"name":"Pueyrredon","railway":"station","line":"Mitre","operator":"SOFSE"},"type":"railway_station"}},{"type":"Feature","id":"ffcc-14","geometry":{"type":"Point","coordinates":[-58.494454,-34.530326]},"properties":{"id":"ffcc-14","name":"Florida","tags":{"name":"Florida","railway":"station","line":"Mitre","operator":"SOFSE"},"type":"railway_station"}},{"type":"Feature","id":"ffcc-15","geometry":{"type":"Point","coordinates":[-58.494147,-34.523129]},"properties":{"id":"ffcc-15","name":"Dr. Cetrángolo","tags":{"name":"Dr. Cetrángolo","railway":"station","line":"Mitre","operator":"SOFSE"},"type":"railway_station"}},{"type":"Feature","id":"ffcc-51","geometry":{"type":"Point","coordinates":[-58.413341,-34.567578]},"properties":{"id":"ffcc-51","name":"Empalme Maldonado","tags":{"name":"Empalme Maldonado","railway":"station","line":"Mitre","operator":""},"type":"railway_station"}},{"type":"Feature","id":"ffcc-70","geometry":{"type":"Point","coordinates":[-58.921788,-34.616162]},"properties":{"id":"ffcc-70","name":"Las Malvinas","tags":{"name":"Las Malvinas","railway":"station","line":"Sarmiento","operator":"SOFSE"},"type":"railway_station"}},{"type":"Feature","id":"ffcc-72","geometry":{"type":"Point","coordinates":[-58.953094,-34.60888]},"properties":{"id":"ffcc-72","name":"Gral. Rodríguez","tags":{"name":"Gral. Rodríguez","railway":"station","line":"Sarmiento","operator":"SOFSE"},"type":"railway_station"}},{"type":"Feature","id":"ffcc-3","geometry":{"type":"Point","coordinates":[-58.556081,-34.550914]},"properties":{"id":"ffcc-3","name":"Villa Ballester","tags":{"name":"Villa Ballester","railway":"station","line":"Mitre","operator":"SOFSE"},"type":"railway_station"}},{"type":"Feature","id":"ffcc-25","geometry":{"type":"Point","coordinates":[-58.508436,-34.46534]},"properties":{"id":"ffcc-25","name":"San Isidro R","tags":{"name":"San Isidro R","railway":"station","line":"Mitre","operator":"SOFSE"},"type":"railway_station"}},{"type":"Feature","id":"ffcc-26","geometry":{"type":"Point","coordinates":[-58.523878,-34.450523]},"properties":{"id":"ffcc-26","name":"Punta Chica","tags":{"name":"Punta Chica","railway":"station","line":"Mitre","operator":"SOFSE"},"type":"railway_station"}},{"type":"Feature","id":"ffcc-118","geometry":{"type":"Point","coordinates":[-58.567635,-34.889349]},"properties":{"id":"ffcc-118","name":"Tristán Suarez","tags":{"name":"Tristán Suarez","railway":"station","line":"Roca","operator":"SOFSE"},"type":"railway_station"}},{"type":"Feature","id":"ffcc-119","geometry":{"type":"Point","coordinates":[-58.543255,-34.870185]},"properties":{"id":"ffcc-119","name":"Unión Ferroviaria","tags":{"name":"Unión Ferroviaria","railway":"station","line":"Roca","operator":"SOFSE"},"type":"railway_station"}},{"type":"Feature","id":"ffcc-124","geometry":{"type":"Point","coordinates":[-58.692779,-34.988027]},"properties":{"id":"ffcc-124","name":"Kloosterman","tags":{"name":"Kloosterman","railway":"station","line":"Roca","operator":"SOFSE"},"type":"railway_station"}},{"type":"Feature","id":"ffcc-125","geometry":{"type":"Point","coordinates":[-58.729766,-35.027127]},"properties":{"id":"ffcc-125","name":"Ricardo Levene","tags":{"name":"Ricardo Levene","railway":"station","line":"Roca","operator":"SOFSE"},"type":"railway_station"}},{"type":"Feature","id":"ffcc-126","geometry":{"type":"Point","coordinates":[-58.448641,-34.803305]},"properties":{"id":"ffcc-126","name":"Luis Guillón","tags":{"name":"Luis Guillón","railway":"station","line":"Roca","operator":"SOFSE"},"type":"railway_station"}},{"type":"Feature","id":"ffcc-104","geometry":{"type":"Point","coordinates":[-58.440937,-34.662218]},"properties":{"id":"ffcc-104","name":"Soldati","tags":{"name":"Soldati","railway":"station","line":"Belgrano Sur","operator":"SOFSE"},"type":"railway_station"}},{"type":"Feature","id":"ffcc-106","geometry":{"type":"Point","coordinates":[-58.477064,-34.677235]},"properties":{"id":"ffcc-106","name":"Lugano","tags":{"name":"Lugano","railway":"station","line":"Belgrano Sur","operator":"SOFSE"},"type":"railway_station"}},{"type":"Feature","id":"ffcc-107","geometry":{"type":"Point","coordinates":[-58.4924,-34.684066]},"properties":{"id":"ffcc-107","name":"Villa Madero","tags":{"name":"Villa Madero","railway":"station","line":"Belgrano Sur","operator":"SOFSE"},"type":"railway_station"}},{"type":"Feature","id":"ffcc-108","geometry":{"type":"Point","coordinates":[-58.507564,-34.690201]},"properties":{"id":"ffcc-108","name":"M. Fournier","tags":{"name":"M. Fournier","railway":"station","line":"Belgrano Sur","operator":"SOFSE"},"type":"railway_station"}},{"type":"Feature","id":"ffcc-202","geometry":{"type":"Point","coordinates":[-58.537235,-34.710737]},"properties":{"id":"ffcc-202","name":"J. Ingenieros","tags":{"name":"J. Ingenieros","railway":"station","line":"Belgrano Sur","operator":"SOFSE"},"type":"railway_station"}},{"type":"Feature","id":"ffcc-203","geometry":{"type":"Point","coordinates":[-58.551839,-34.708963]},"properties":{"id":"ffcc-203","name":"J. Villegas","tags":{"name":"J. Villegas","railway":"station","line":"Belgrano Sur","operator":"SOFSE"},"type":"railway_station"}},{"type":"Feature","id":"ffcc-204","geometry":{"type":"Point","coordinates":[-58.426704,-34.579073]},"properties":{"id":"ffcc-204","name":"Palermo","tags":{"name":"Palermo","railway":"station","line":"San Martín","operator":"SOFSE"},"type":"railway_station"}},{"type":"Feature","id":"ffcc-2","geometry":{"type":"Point","coordinates":[-58.540552,-34.56368]},"properties":{"id":"ffcc-2","name":"San Andres","tags":{"name":"San Andres","railway":"station","line":"Mitre","operator":"SOFSE"},"type":"railway_station"}},{"type":"Feature","id":"ffcc-82","geometry":{"type":"Point","coordinates":[-59.352756,-34.647826]},"properties":{"id":"ffcc-82","name":"Gowland","tags":{"name":"Gowland","railway":"station","line":"Sarmiento","operator":"SOFSE"},"type":"railway_station"}},{"type":"Feature","id":"ffcc-111","geometry":{"type":"Point","coordinates":[-58.511643,-34.702375]},"properties":{"id":"ffcc-111","name":"Tapiales","tags":{"name":"Tapiales","railway":"station","line":"Belgrano Sur","operator":"SOFSE"},"type":"railway_station"}},{"type":"Feature","id":"ffcc-148","geometry":{"type":"Point","coordinates":[-58.407287,-34.786267]},"properties":{"id":"ffcc-148","name":"Hospital Español","tags":{"name":"Hospital Español","railway":"station","line":"Roca","operator":"SOFSE"},"type":"railway_station"}},{"type":"Feature","id":"ffcc-152","geometry":{"type":"Point","coordinates":[-58.893474,-34.622748]},"properties":{"id":"ffcc-152","name":"Ing. Pablo Marín","tags":{"name":"Ing. Pablo Marín","railway":"station","line":"Sarmiento","operator":"SOFSE"},"type":"railway_station"}},{"type":"Feature","id":"ffcc-154","geometry":{"type":"Point","coordinates":[-58.444227,-34.771191]},"properties":{"id":"ffcc-154","name":"Juan XXIII","tags":{"name":"Juan XXIII","railway":"station","line":"Roca","operator":"SOFSE"},"type":"railway_station"}},{"type":"Feature","id":"ffcc-155","geometry":{"type":"Point","coordinates":[-58.213966,-34.808844]},"properties":{"id":"ffcc-155","name":"Sourigues","tags":{"name":"Sourigues","railway":"station","line":"Roca","operator":"SOFSE"},"type":"railway_station"}},{"type":"Feature","id":"ffcc-156","geometry":{"type":"Point","coordinates":[-58.194864,-34.774218]},"properties":{"id":"ffcc-156","name":"Villa España","tags":{"name":"Villa España","railway":"station","line":"Roca","operator":"SOFSE"},"type":"railway_station"}},{"type":"Feature","id":"ffcc-157","geometry":{"type":"Point","coordinates":[-57.967995,-34.890884]},"properties":{"id":"ffcc-157","name":"Tolosa","tags":{"name":"Tolosa","railway":"station","line":"Roca","operator":"SOFSE"},"type":"railway_station"}},{"type":"Feature","id":"ffcc-172","geometry":{"type":"Point","coordinates":[-58.639945,-34.587144]},"properties":{"id":"ffcc-172","name":"Cruce a nivel FCSM / FCGU","tags":{"name":"Cruce a nivel FCSM / FCGU","railway":"station","line":"San Martín","operator":""},"type":"railway_station"}},{"type":"Feature","id":"ffcc-114","geometry":{"type":"Point","coordinates":[-58.530479,-34.722291]},"properties":{"id":"ffcc-114","name":"Ing. Querandi","tags":{"name":"Ing. Querandi","railway":"station","line":"Belgrano Sur","operator":"SOFSE"},"type":"railway_station"}},{"type":"Feature","id":"ffcc-115","geometry":{"type":"Point","coordinates":[-58.584342,-34.750666]},"properties":{"id":"ffcc-115","name":"Laferrere","tags":{"name":"Laferrere","railway":"station","line":"Belgrano Sur","operator":"SOFSE"},"type":"railway_station"}},{"type":"Feature","id":"ffcc-116","geometry":{"type":"Point","coordinates":[-58.600471,-34.756006]},"properties":{"id":"ffcc-116","name":"M. E. Duarte","tags":{"name":"M. E. Duarte","railway":"station","line":"Belgrano Sur","operator":"SOFSE"},"type":"railway_station"}},{"type":"Feature","id":"ffcc-215","geometry":{"type":"Point","coordinates":[-58.527954,-34.603127]},"properties":{"id":"ffcc-215","name":"Saenz Peña","tags":{"name":"Saenz Peña","railway":"station","line":"FFCC San Martín","operator":"SOFSE"},"type":"railway_station"}},{"type":"Feature","id":"ffcc-117","geometry":{"type":"Point","coordinates":[-58.646745,-34.771609]},"properties":{"id":"ffcc-117","name":"G. Catán","tags":{"name":"G. Catán","railway":"station","line":"Belgrano Sur","operator":"SOFSE"},"type":"railway_station"}},{"type":"Feature","id":"ffcc-139","geometry":{"type":"Point","coordinates":[-58.213723,-34.824962]},"properties":{"id":"ffcc-139","name":"Santa Sofía","tags":{"name":"Santa Sofía","railway":"station","line":"Roca","operator":"SOFSE"},"type":"railway_station"}},{"type":"Feature","id":"ffcc-159","geometry":{"type":"Point","coordinates":[-58.042174,-34.865831]},"properties":{"id":"ffcc-159","name":"City Bell","tags":{"name":"City Bell","railway":"station","line":"Roca","operator":"SOFSE"},"type":"railway_station"}},{"type":"Feature","id":"ffcc-205","geometry":{"type":"Point","coordinates":[-58.587438,-34.704512]},"properties":{"id":"ffcc-205","name":"I. Casanova","tags":{"name":"I. Casanova","railway":"station","line":"Belgrano Sur","operator":"SOFSE"},"type":"railway_station"}},{"type":"Feature","id":"ffcc-206","geometry":{"type":"Point","coordinates":[-58.437089,-34.588011]},"properties":{"id":"ffcc-206","name":"Empalme Córdoba","tags":{"name":"Empalme Córdoba","railway":"station","line":"San Martín","operator":""},"type":"railway_station"}},{"type":"Feature","id":"ffcc-207","geometry":{"type":"Point","coordinates":[-58.62629,-34.699649]},"properties":{"id":"ffcc-207","name":"R. Castillo","tags":{"name":"R. Castillo","railway":"station","line":"Belgrano Sur","operator":"SOFSE"},"type":"railway_station"}},{"type":"Feature","id":"ffcc-208","geometry":{"type":"Point","coordinates":[-58.447573,-34.593049]},"properties":{"id":"ffcc-208","name":"Villa Crespo","tags":{"name":"Villa Crespo","railway":"station","line":"San Martín","operator":"SOFSE"},"type":"railway_station"}},{"type":"Feature","id":"ffcc-209","geometry":{"type":"Point","coordinates":[-58.647493,-34.696984]},"properties":{"id":"ffcc-209","name":"M. Gomez","tags":{"name":"M. Gomez","railway":"station","line":"Belgrano Sur","operator":"SOFSE"},"type":"railway_station"}},{"type":"Feature","id":"ffcc-210","geometry":{"type":"Point","coordinates":[-58.467217,-34.597091]},"properties":{"id":"ffcc-210","name":"La Paternal","tags":{"name":"La Paternal","railway":"station","line":"San Martín","operator":"SOFSE"},"type":"railway_station"}},{"type":"Feature","id":"ffcc-211","geometry":{"type":"Point","coordinates":[-58.686497,-34.692105]},"properties":{"id":"ffcc-211","name":"Libertad","tags":{"name":"Libertad","railway":"station","line":"Belgrano Sur","operator":"SOFSE"},"type":"railway_station"}},{"type":"Feature","id":"ffcc-212","geometry":{"type":"Point","coordinates":[-58.730909,-34.708763]},"properties":{"id":"ffcc-212","name":"M. C. Gral. Belgrano","tags":{"name":"M. C. Gral. Belgrano","railway":"station","line":"Belgrano Sur","operator":"SOFSE"},"type":"railway_station"}},{"type":"Feature","id":"ffcc-213","geometry":{"type":"Point","coordinates":[-58.49476,-34.601375]},"properties":{"id":"ffcc-213","name":"Villa del Parque","tags":{"name":"Villa del Parque","railway":"station","line":"San Martín","operator":"SOFSE"},"type":"railway_station"}},{"type":"Feature","id":"ffcc-214","geometry":{"type":"Point","coordinates":[-58.512803,-34.602562]},"properties":{"id":"ffcc-214","name":"Devoto","tags":{"name":"Devoto","railway":"station","line":"San Martín","operator":"SOFSE"},"type":"railway_station"}},{"type":"Feature","id":"ffcc-216","geometry":{"type":"Point","coordinates":[-58.540959,-34.603683]},"properties":{"id":"ffcc-216","name":"Santos Lugares","tags":{"name":"Santos Lugares","railway":"station","line":"San Martín","operator":"SOFSE"},"type":"railway_station"}},{"type":"Feature","id":"ffcc-217","geometry":{"type":"Point","coordinates":[-58.564524,-34.604522]},"properties":{"id":"ffcc-217","name":"Caseros","tags":{"name":"Caseros","railway":"station","line":"San Martín","operator":"SOFSE"},"type":"railway_station"}},{"type":"Feature","id":"ffcc-218","geometry":{"type":"Point","coordinates":[-58.596137,-34.604948]},"properties":{"id":"ffcc-218","name":"El Palomar","tags":{"name":"El Palomar","railway":"station","line":"San Martín","operator":"SOFSE"},"type":"railway_station"}},{"type":"Feature","id":"ffcc-219","geometry":{"type":"Point","coordinates":[-58.632375,-34.591095]},"properties":{"id":"ffcc-219","name":"Hurlingham","tags":{"name":"Hurlingham","railway":"station","line":"San Martín","operator":"SOFSE"},"type":"railway_station"}},{"type":"Feature","id":"ffcc-220","geometry":{"type":"Point","coordinates":[-58.656475,-34.578519]},"properties":{"id":"ffcc-220","name":"W. C. Morris","tags":{"name":"W. C. Morris","railway":"station","line":"San Martín","operator":"SOFSE"},"type":"railway_station"}},{"type":"Feature","id":"ffcc-221","geometry":{"type":"Point","coordinates":[-58.684656,-34.563804]},"properties":{"id":"ffcc-221","name":"Bella Vista","tags":{"name":"Bella Vista","railway":"station","line":"San Martín","operator":"SOFSE"},"type":"railway_station"}},{"type":"Feature","id":"ffcc-222","geometry":{"type":"Point","coordinates":[-58.703473,-34.55125]},"properties":{"id":"ffcc-222","name":"Muñiz","tags":{"name":"Muñiz","railway":"station","line":"San Martín","operator":"SOFSE"},"type":"railway_station"}},{"type":"Feature","id":"ffcc-296","geometry":{"type":"Point","coordinates":[-58.547009,-34.593753]},"properties":{"id":"ffcc-296","name":"Lourdes","tags":{"name":"Lourdes","railway":"station","line":"Urquiza","operator":"Metrovías"},"type":"railway_station"}},{"type":"Feature","id":"ffcc-574","geometry":{"type":"Point","coordinates":[-57.669272,-37.663793]},"properties":{"id":"ffcc-574","name":"Vivoratá","tags":{"name":"Vivoratá","railway":"station","line":"FFCC Roca","operator":"SOFSE"},"type":"railway_station"}},{"type":"Feature","id":"ffcc-575","geometry":{"type":"Point","coordinates":[-57.728538,-37.454342]},"properties":{"id":"ffcc-575","name":"Coronel Vidal","tags":{"name":"Coronel Vidal","railway":"station","line":"FFCC Roca","operator":"SOFSE"},"type":"railway_station"}},{"type":"Feature","id":"ffcc-223","geometry":{"type":"Point","coordinates":[-58.713244,-34.544183]},"properties":{"id":"ffcc-223","name":"San Miguel","tags":{"name":"San Miguel","railway":"station","line":"San Martín","operator":"SOFSE"},"type":"railway_station"}},{"type":"Feature","id":"ffcc-224","geometry":{"type":"Point","coordinates":[-58.750877,-34.519036]},"properties":{"id":"ffcc-224","name":"Jose C. Paz","tags":{"name":"Jose C. Paz","railway":"station","line":"San Martín","operator":"SOFSE"},"type":"railway_station"}},{"type":"Feature","id":"ffcc-225","geometry":{"type":"Point","coordinates":[-58.839203,-34.490797]},"properties":{"id":"ffcc-225","name":"Pte. Derqui","tags":{"name":"Pte. Derqui","railway":"station","line":"San Martín","operator":"SOFSE"},"type":"railway_station"}},{"type":"Feature","id":"ffcc-226","geometry":{"type":"Point","coordinates":[-58.876992,-34.478714]},"properties":{"id":"ffcc-226","name":"Villa Astolfi","tags":{"name":"Villa Astolfi","railway":"station","line":"San Martín","operator":"SOFSE"},"type":"railway_station"}},{"type":"Feature","id":"ffcc-227","geometry":{"type":"Point","coordinates":[-58.908264,-34.468639]},"properties":{"id":"ffcc-227","name":"Pilar","tags":{"name":"Pilar","railway":"station","line":"San Martín","operator":"SOFSE"},"type":"railway_station"}},{"type":"Feature","id":"ffcc-228","geometry":{"type":"Point","coordinates":[-58.373511,-34.589274]},"properties":{"id":"ffcc-228","name":"Retiro","tags":{"name":"Retiro","railway":"station","line":"San Martín","operator":"SOFSE"},"type":"railway_station"}},{"type":"Feature","id":"ffcc-229","geometry":{"type":"Point","coordinates":[-59.092828,-35.184772]},"properties":{"id":"ffcc-229","name":"Lobos","tags":{"name":"Lobos","railway":"station","line":"Sarmiento","operator":"SOFSE"},"type":"railway_station"}},{"type":"Feature","id":"ffcc-230","geometry":{"type":"Point","coordinates":[-58.779427,-34.706049]},"properties":{"id":"ffcc-230","name":"Agustin Ferrari","tags":{"name":"Agustin Ferrari","railway":"station","line":"Sarmiento","operator":"SOFSE"},"type":"railway_station"}},{"type":"Feature","id":"ffcc-231","geometry":{"type":"Point","coordinates":[-58.793014,-34.724387]},"properties":{"id":"ffcc-231","name":"Mariano Acosta","tags":{"name":"Mariano Acosta","railway":"station","line":"Sarmiento","operator":"SOFSE"},"type":"railway_station"}},{"type":"Feature","id":"ffcc-232","geometry":{"type":"Point","coordinates":[-58.83658,-34.783089]},"properties":{"id":"ffcc-232","name":"Marcos Paz","tags":{"name":"Marcos Paz","railway":"station","line":"Sarmiento","operator":"SOFSE"},"type":"railway_station"}},{"type":"Feature","id":"ffcc-233","geometry":{"type":"Point","coordinates":[-58.892223,-34.857885]},"properties":{"id":"ffcc-233","name":"Zamudio","tags":{"name":"Zamudio","railway":"station","line":"Sarmiento","operator":"SOFSE"},"type":"railway_station"}},{"type":"Feature","id":"ffcc-234","geometry":{"type":"Point","coordinates":[-58.917878,-34.892322]},"properties":{"id":"ffcc-234","name":"Hornos","tags":{"name":"Hornos","railway":"station","line":"Sarmiento","operator":"SOFSE"},"type":"railway_station"}},{"type":"Feature","id":"ffcc-175","geometry":{"type":"Point","coordinates":[-58.397556,-34.760617]},"properties":{"id":"ffcc-175","name":"Lomas de Zamora","tags":{"name":"Lomas de Zamora","railway":"station","line":"Roca","operator":"SOFSE"},"type":"railway_station"}},{"type":"Feature","id":"ffcc-235","geometry":{"type":"Point","coordinates":[-58.944524,-34.928054]},"properties":{"id":"ffcc-235","name":"Las Heras","tags":{"name":"Las Heras","railway":"station","line":"Sarmiento","operator":"SOFSE"},"type":"railway_station"}},{"type":"Feature","id":"ffcc-236","geometry":{"type":"Point","coordinates":[-58.999776,-35.002016]},"properties":{"id":"ffcc-236","name":"Speratti","tags":{"name":"Speratti","railway":"station","line":"Sarmiento","operator":"SOFSE"},"type":"railway_station"}},{"type":"Feature","id":"ffcc-237","geometry":{"type":"Point","coordinates":[-59.041996,-35.058426]},"properties":{"id":"ffcc-237","name":"Zapiola","tags":{"name":"Zapiola","railway":"station","line":"Sarmiento","operator":"SOFSE"},"type":"railway_station"}},{"type":"Feature","id":"ffcc-238","geometry":{"type":"Point","coordinates":[-59.08987,-35.151132]},"properties":{"id":"ffcc-238","name":"Empalme Lobos","tags":{"name":"Empalme Lobos","railway":"station","line":"Sarmiento","operator":""},"type":"railway_station"}},{"type":"Feature","id":"ffcc-239","geometry":{"type":"Point","coordinates":[-59.006314,-34.451831]},"properties":{"id":"ffcc-239","name":"Manzanares","tags":{"name":"Manzanares","railway":"station","line":"San Martín","operator":"SOFSE"},"type":"railway_station"}},{"type":"Feature","id":"ffcc-240","geometry":{"type":"Point","coordinates":[-59.075695,-34.487897]},"properties":{"id":"ffcc-240","name":"Dr. Cabred","tags":{"name":"Dr. Cabred","railway":"station","line":"San Martín","operator":"SOFSE"},"type":"railway_station"}},{"type":"Feature","id":"ffcc-241","geometry":{"type":"Point","coordinates":[-58.413341,-34.567578]},"properties":{"id":"ffcc-241","name":"Empalme Maldonado","tags":{"name":"Empalme Maldonado","railway":"station","line":"Mitre","operator":""},"type":"railway_station"}},{"type":"Feature","id":"ffcc-242","geometry":{"type":"Point","coordinates":[-58.413341,-34.567578]},"properties":{"id":"ffcc-242","name":"Empalme Maldonado","tags":{"name":"Empalme Maldonado","railway":"station","line":"Mitre","operator":""},"type":"railway_station"}},{"type":"Feature","id":"ffcc-244","geometry":{"type":"Point","coordinates":[-58.7278,-34.664547]},"properties":{"id":"ffcc-244","name":"Merlo","tags":{"name":"Merlo","railway":"station","line":"Sarmiento","operator":"SOFSE"},"type":"railway_station"}},{"type":"Feature","id":"ffcc-245","geometry":{"type":"Point","coordinates":[-58.789699,-34.650554]},"properties":{"id":"ffcc-245","name":"Moreno","tags":{"name":"Moreno","railway":"station","line":"Sarmiento","operator":"SOFSE"},"type":"railway_station"}},{"type":"Feature","id":"ffcc-247","geometry":{"type":"Point","coordinates":[-58.376497,-34.661958]},"properties":{"id":"ffcc-247","name":"Darío Santillán y Maximiliano Kosteki","tags":{"name":"Darío Santillán y Maximiliano Kosteki","railway":"station","line":"Roca","operator":"SOFSE"},"type":"railway_station"}},{"type":"Feature","id":"ffcc-250","geometry":{"type":"Point","coordinates":[-58.413341,-34.567578]},"properties":{"id":"ffcc-250","name":"Empalme Maldonado","tags":{"name":"Empalme Maldonado","railway":"station","line":"Mitre","operator":""},"type":"railway_station"}},{"type":"Feature","id":"ffcc-258","geometry":{"type":"Point","coordinates":[-58.506079,-34.709782]},"properties":{"id":"ffcc-258","name":"Agustín De Elía","tags":{"name":"Agustín De Elía","railway":"station","line":"Roca","operator":"SOFSE"},"type":"railway_station"}},{"type":"Feature","id":"ffcc-259","geometry":{"type":"Point","coordinates":[-58.537384,-34.52879]},"properties":{"id":"ffcc-259","name":"Carapachay","tags":{"name":"Carapachay","railway":"station","line":"Belgrano Norte","operator":"Ferrovías"},"type":"railway_station"}},{"type":"Feature","id":"ffcc-260","geometry":{"type":"Point","coordinates":[-58.706275,-34.493779]},"properties":{"id":"ffcc-260","name":"Ing. P. Nogués","tags":{"name":"Ing. P. Nogués","railway":"station","line":"Belgrano Norte","operator":"Ferrovías"},"type":"railway_station"}},{"type":"Feature","id":"ffcc-261","geometry":{"type":"Point","coordinates":[-58.725146,-34.485485]},"properties":{"id":"ffcc-261","name":"Grand Bourg","tags":{"name":"Grand Bourg","railway":"station","line":"Belgrano Norte","operator":"Ferrovías"},"type":"railway_station"}},{"type":"Feature","id":"ffcc-262","geometry":{"type":"Point","coordinates":[-58.739471,-34.478986]},"properties":{"id":"ffcc-262","name":"Tierras Altas","tags":{"name":"Tierras Altas","railway":"station","line":"Belgrano Norte","operator":"Ferrovías"},"type":"railway_station"}},{"type":"Feature","id":"ffcc-263","geometry":{"type":"Point","coordinates":[-58.775663,-34.462813]},"properties":{"id":"ffcc-263","name":"M. Alberti","tags":{"name":"M. Alberti","railway":"station","line":"Belgrano Norte","operator":"Ferrovías"},"type":"railway_station"}},{"type":"Feature","id":"ffcc-264","geometry":{"type":"Point","coordinates":[-58.447916,-34.542982]},"properties":{"id":"ffcc-264","name":"Ciudad Universitaria","tags":{"name":"Ciudad Universitaria","railway":"station","line":"Belgrano Norte","operator":"Ferrovías"},"type":"railway_station"}},{"type":"Feature","id":"ffcc-265","geometry":{"type":"Point","coordinates":[-58.374191,-34.590139]},"properties":{"id":"ffcc-265","name":"Retiro","tags":{"name":"Retiro","railway":"station","line":"Belgrano Norte","operator":"Ferrovías"},"type":"railway_station"}},{"type":"Feature","id":"ffcc-266","geometry":{"type":"Point","coordinates":[-58.500622,-34.543455]},"properties":{"id":"ffcc-266","name":"M. M. Padilla","tags":{"name":"M. M. Padilla","railway":"station","line":"Belgrano Norte","operator":"Ferrovías"},"type":"railway_station"}},{"type":"Feature","id":"ffcc-267","geometry":{"type":"Point","coordinates":[-58.513143,-34.537089]},"properties":{"id":"ffcc-267","name":"Florida","tags":{"name":"Florida","railway":"station","line":"Belgrano Norte","operator":"Ferrovías"},"type":"railway_station"}},{"type":"Feature","id":"ffcc-268","geometry":{"type":"Point","coordinates":[-58.523624,-34.531783]},"properties":{"id":"ffcc-268","name":"Munro","tags":{"name":"Munro","railway":"station","line":"Belgrano Norte","operator":"Ferrovías"},"type":"railway_station"}},{"type":"Feature","id":"ffcc-269","geometry":{"type":"Point","coordinates":[-58.546229,-34.523723]},"properties":{"id":"ffcc-269","name":"Villa Adelina","tags":{"name":"Villa Adelina","railway":"station","line":"Belgrano Norte","operator":"Ferrovías"},"type":"railway_station"}},{"type":"Feature","id":"ffcc-270","geometry":{"type":"Point","coordinates":[-58.565551,-34.508471]},"properties":{"id":"ffcc-270","name":"Bulogne Sur Mer","tags":{"name":"Bulogne Sur Mer","railway":"station","line":"Belgrano Norte","operator":"Ferrovías"},"type":"railway_station"}},{"type":"Feature","id":"ffcc-271","geometry":{"type":"Point","coordinates":[-58.620068,-34.504112]},"properties":{"id":"ffcc-271","name":"Vice alte E. Montes","tags":{"name":"Vice alte E. Montes","railway":"station","line":"Belgrano Norte","operator":"Ferrovías"},"type":"railway_station"}},{"type":"Feature","id":"ffcc-272","geometry":{"type":"Point","coordinates":[-58.641899,-34.502673]},"properties":{"id":"ffcc-272","name":"Don Torcuato","tags":{"name":"Don Torcuato","railway":"station","line":"Belgrano Norte","operator":"Ferrovías"},"type":"railway_station"}},{"type":"Feature","id":"ffcc-273","geometry":{"type":"Point","coordinates":[-58.666272,-34.502962]},"properties":{"id":"ffcc-273","name":"A. Sourdeaux","tags":{"name":"A. Sourdeaux","railway":"station","line":"Belgrano Norte","operator":"Ferrovías"},"type":"railway_station"}},{"type":"Feature","id":"ffcc-274","geometry":{"type":"Point","coordinates":[-58.680724,-34.503356]},"properties":{"id":"ffcc-274","name":"Villa de Mayo","tags":{"name":"Villa de Mayo","railway":"station","line":"Belgrano Norte","operator":"Ferrovías"},"type":"railway_station"}},{"type":"Feature","id":"ffcc-275","geometry":{"type":"Point","coordinates":[-58.694609,-34.498984]},"properties":{"id":"ffcc-275","name":"Los Polvorines","tags":{"name":"Los Polvorines","railway":"station","line":"Belgrano Norte","operator":"Ferrovías"},"type":"railway_station"}},{"type":"Feature","id":"ffcc-276","geometry":{"type":"Point","coordinates":[-58.757991,-34.470731]},"properties":{"id":"ffcc-276","name":"Tortuguitas","tags":{"name":"Tortuguitas","railway":"station","line":"Belgrano Norte","operator":"Ferrovías"},"type":"railway_station"}},{"type":"Feature","id":"ffcc-277","geometry":{"type":"Point","coordinates":[-58.871537,-34.416574]},"properties":{"id":"ffcc-277","name":"Villa Rosa","tags":{"name":"Villa Rosa","railway":"station","line":"Belgrano Norte","operator":"Ferrovías"},"type":"railway_station"}},{"type":"Feature","id":"ffcc-278","geometry":{"type":"Point","coordinates":[-58.796214,-34.453648]},"properties":{"id":"ffcc-278","name":"Del Viso","tags":{"name":"Del Viso","railway":"station","line":"Belgrano Norte","operator":"Ferrovías"},"type":"railway_station"}},{"type":"Feature","id":"ffcc-279","geometry":{"type":"Point","coordinates":[-58.477901,-34.537415]},"properties":{"id":"ffcc-279","name":"A. del Valle","tags":{"name":"A. del Valle","railway":"station","line":"Belgrano Norte","operator":"Ferrovías"},"type":"railway_station"}},{"type":"Feature","id":"ffcc-280","geometry":{"type":"Point","coordinates":[-58.640391,-34.579872]},"properties":{"id":"ffcc-280","name":"Ej. de los Andes","tags":{"name":"Ej. de los Andes","railway":"station","line":"Urquiza","operator":"Metrovías"},"type":"railway_station"}},{"type":"Feature","id":"ffcc-281","geometry":{"type":"Point","coordinates":[-58.645292,-34.573528]},"properties":{"id":"ffcc-281","name":"J.B. de La Salle","tags":{"name":"J.B. de La Salle","railway":"station","line":"Urquiza","operator":"Metrovías"},"type":"railway_station"}},{"type":"Feature","id":"ffcc-282","geometry":{"type":"Point","coordinates":[-58.658961,-34.563219]},"properties":{"id":"ffcc-282","name":"Sgto. Barrufaldi","tags":{"name":"Sgto. Barrufaldi","railway":"station","line":"Urquiza","operator":"Metrovías"},"type":"railway_station"}},{"type":"Feature","id":"ffcc-283","geometry":{"type":"Point","coordinates":[-58.669589,-34.555475]},"properties":{"id":"ffcc-283","name":"Cap. Lozano","tags":{"name":"Cap. Lozano","railway":"station","line":"Urquiza","operator":"Metrovías"},"type":"railway_station"}},{"type":"Feature","id":"ffcc-284","geometry":{"type":"Point","coordinates":[-58.678672,-34.548903]},"properties":{"id":"ffcc-284","name":"Tte. Agneta","tags":{"name":"Tte. Agneta","railway":"station","line":"Urquiza","operator":"Metrovías"},"type":"railway_station"}},{"type":"Feature","id":"ffcc-285","geometry":{"type":"Point","coordinates":[-58.6861,-34.543508]},"properties":{"id":"ffcc-285","name":"Cpo. de Mayo","tags":{"name":"Cpo. de Mayo","railway":"station","line":"Urquiza","operator":"Metrovías"},"type":"railway_station"}},{"type":"Feature","id":"ffcc-286","geometry":{"type":"Point","coordinates":[-58.695231,-34.536931]},"properties":{"id":"ffcc-286","name":"Sto. Cabral","tags":{"name":"Sto. Cabral","railway":"station","line":"Urquiza","operator":"Metrovías"},"type":"railway_station"}},{"type":"Feature","id":"ffcc-287","geometry":{"type":"Point","coordinates":[-58.700897,-34.532847]},"properties":{"id":"ffcc-287","name":"General Lemos","tags":{"name":"General Lemos","railway":"station","line":"Urquiza","operator":"Metrovías"},"type":"railway_station"}},{"type":"Feature","id":"ffcc-288","geometry":{"type":"Point","coordinates":[-58.455552,-34.586817]},"properties":{"id":"ffcc-288","name":"Federico Lacroze","tags":{"name":"Federico Lacroze","railway":"station","line":"Urquiza","operator":"Metrovías"},"type":"railway_station"}},{"type":"Feature","id":"ffcc-289","geometry":{"type":"Point","coordinates":[-58.46634,-34.590086]},"properties":{"id":"ffcc-289","name":"Artigas","tags":{"name":"Artigas","railway":"station","line":"Urquiza","operator":"Metrovías"},"type":"railway_station"}},{"type":"Feature","id":"ffcc-290","geometry":{"type":"Point","coordinates":[-58.475387,-34.592424]},"properties":{"id":"ffcc-290","name":"Arata","tags":{"name":"Arata","railway":"station","line":"Urquiza","operator":"Metrovías"},"type":"railway_station"}},{"type":"Feature","id":"ffcc-291","geometry":{"type":"Point","coordinates":[-58.494231,-34.593138]},"properties":{"id":"ffcc-291","name":"Fco. Beiró","tags":{"name":"Fco. Beiró","railway":"station","line":"Urquiza","operator":"Metrovías"},"type":"railway_station"}},{"type":"Feature","id":"ffcc-292","geometry":{"type":"Point","coordinates":[-58.510694,-34.595619]},"properties":{"id":"ffcc-292","name":"A. Devoto","tags":{"name":"A. Devoto","railway":"station","line":"Urquiza","operator":"Metrovías"},"type":"railway_station"}},{"type":"Feature","id":"ffcc-293","geometry":{"type":"Point","coordinates":[-58.52445,-34.597198]},"properties":{"id":"ffcc-293","name":"Coronel F. Lynch","tags":{"name":"Coronel F. Lynch","railway":"station","line":"Urquiza","operator":"Metrovías"},"type":"railway_station"}},{"type":"Feature","id":"ffcc-294","geometry":{"type":"Point","coordinates":[-58.535357,-34.595558]},"properties":{"id":"ffcc-294","name":"F. Moreno","tags":{"name":"F. Moreno","railway":"station","line":"Urquiza","operator":"Metrovías"},"type":"railway_station"}},{"type":"Feature","id":"ffcc-295","geometry":{"type":"Point","coordinates":[-58.559279,-34.591847]},"properties":{"id":"ffcc-295","name":"Tropezón","tags":{"name":"Tropezón","railway":"station","line":"Urquiza","operator":"Metrovías"},"type":"railway_station"}},{"type":"Feature","id":"ffcc-297","geometry":{"type":"Point","coordinates":[-58.571842,-34.590017]},"properties":{"id":"ffcc-297","name":"J. M. Bosch","tags":{"name":"J. M. Bosch","railway":"station","line":"Urquiza","operator":"Metrovías"},"type":"railway_station"}},{"type":"Feature","id":"ffcc-298","geometry":{"type":"Point","coordinates":[-58.590769,-34.588956]},"properties":{"id":"ffcc-298","name":"M. Coronado","tags":{"name":"M. Coronado","railway":"station","line":"Urquiza","operator":"Metrovías"},"type":"railway_station"}},{"type":"Feature","id":"ffcc-299","geometry":{"type":"Point","coordinates":[-58.607498,-34.588372]},"properties":{"id":"ffcc-299","name":"P. Podestá","tags":{"name":"P. Podestá","railway":"station","line":"Urquiza","operator":"Metrovías"},"type":"railway_station"}},{"type":"Feature","id":"ffcc-300","geometry":{"type":"Point","coordinates":[-58.629841,-34.587526]},"properties":{"id":"ffcc-300","name":"R. Darío","tags":{"name":"R. Darío","railway":"station","line":"Urquiza","operator":"Metrovías"},"type":"railway_station"}},{"type":"Feature","id":"ffcc-301","geometry":{"type":"Point","coordinates":[-58.621771,-34.58782]},"properties":{"id":"ffcc-301","name":"J. Newbery","tags":{"name":"J. Newbery","railway":"station","line":"Urquiza","operator":"Metrovías"},"type":"railway_station"}},{"type":"Feature","id":"ffcc-302","geometry":{"type":"Point","coordinates":[-58.502985,-34.59441]},"properties":{"id":"ffcc-302","name":"El Libertador","tags":{"name":"El Libertador","railway":"station","line":"Urquiza","operator":"Metrovías"},"type":"railway_station"}},{"type":"Feature","id":"ffcc-303","geometry":{"type":"Point","coordinates":[-58.399498,-34.575557]},"properties":{"id":"ffcc-303","name":"Saldías","tags":{"name":"Saldías","railway":"station","line":"Belgrano Norte","operator":"Ferrovías"},"type":"railway_station"}},{"type":"Feature","id":"ffcc-304","geometry":{"type":"Point","coordinates":[-58.977155,-34.16022]},"properties":{"id":"ffcc-304","name":"Km. 83","tags":{"name":"Km. 83","railway":"station","line":"Mitre","operator":"SOFSE"},"type":"railway_station"}},{"type":"Feature","id":"ffcc-305","geometry":{"type":"Point","coordinates":[-58.760174,-34.680067]},"properties":{"id":"ffcc-305","name":"Km. 34,5","tags":{"name":"Km. 34,5","railway":"station","line":"Sarmiento","operator":"SOFSE"},"type":"railway_station"}},{"type":"Feature","id":"ffcc-306","geometry":{"type":"Point","coordinates":[-58.094872,-34.836561]},"properties":{"id":"ffcc-306","name":"Pereyra","tags":{"name":"Pereyra","railway":"station","line":"Roca","operator":"SOFSE"},"type":"railway_station"}},{"type":"Feature","id":"ffcc-309","geometry":{"type":"Point","coordinates":[-58.540974,-34.456177]},"properties":{"id":"ffcc-309","name":"Victoria","tags":{"name":"Victoria","railway":"station","line":"Mitre","operator":"SOFSE"},"type":"railway_station"}},{"type":"Feature","id":"ffcc-310","geometry":{"type":"Point","coordinates":[-58.375089,-34.590847]},"properties":{"id":"ffcc-310","name":"Retiro","tags":{"name":"Retiro","railway":"station","line":"Mitre","operator":"SOFSE"},"type":"railway_station"}},{"type":"Feature","id":"ffcc-311","geometry":{"type":"Point","coordinates":[-58.517011,-34.581072]},"properties":{"id":"ffcc-311","name":"Miguelete","tags":{"name":"Miguelete","railway":"station","line":"Mitre","operator":"SOFSE"},"type":"railway_station"}},{"type":"Feature","id":"ffcc-313","geometry":{"type":"Point","coordinates":[-57.921445,-34.925348]},"properties":{"id":"ffcc-313","name":"Policlinico","tags":{"name":"Policlinico","railway":"station","line":"Roca","operator":""},"type":"railway_station"}},{"type":"Feature","id":"ffcc-314","geometry":{"type":"Point","coordinates":[-57.91907,-34.920172]},"properties":{"id":"ffcc-314","name":"Diagonal 73","tags":{"name":"Diagonal 73","railway":"station","line":"Roca","operator":""},"type":"railway_station"}},{"type":"Feature","id":"ffcc-315","geometry":{"type":"Point","coordinates":[-57.924265,-34.912101]},"properties":{"id":"ffcc-315","name":"Periodismo","tags":{"name":"Periodismo","railway":"station","line":"Roca","operator":""},"type":"railway_station"}},{"type":"Feature","id":"ffcc-316","geometry":{"type":"Point","coordinates":[-57.927796,-34.909042]},"properties":{"id":"ffcc-316","name":"Medicina","tags":{"name":"Medicina","railway":"station","line":"Roca","operator":""},"type":"railway_station"}},{"type":"Feature","id":"ffcc-317","geometry":{"type":"Point","coordinates":[-57.937767,-34.903309]},"properties":{"id":"ffcc-317","name":"Informatica","tags":{"name":"Informatica","railway":"station","line":"Roca","operator":""},"type":"railway_station"}},{"type":"Feature","id":"ffcc-318","geometry":{"type":"Point","coordinates":[-57.943112,-34.904967]},"properties":{"id":"ffcc-318","name":"Arquitectura","tags":{"name":"Arquitectura","railway":"station","line":"Roca","operator":""},"type":"railway_station"}},{"type":"Feature","id":"ffcc-333","geometry":{"type":"Point","coordinates":[-58.738013,-34.780365]},"properties":{"id":"ffcc-333","name":"20 de Junio","tags":{"name":"20 de Junio","railway":"station","line":"Belgrano Sur","operator":"SOFSE"},"type":"railway_station"}},{"type":"Feature","id":"ffcc-334","geometry":{"type":"Point","coordinates":[-58.82978,-34.786676]},"properties":{"id":"ffcc-334","name":"Marcos Páz","tags":{"name":"Marcos Páz","railway":"station","line":"Belgrano Sur","operator":"SOFSE"},"type":"railway_station"}},{"type":"Feature","id":"ffcc-527","geometry":{"type":"Point","coordinates":[-58.407557,-34.608229]},"properties":{"id":"ffcc-527","name":"Once","tags":{"name":"Once","railway":"station","line":"FFCC Sarmiento","operator":"SOFSE"},"type":"railway_station"}},{"type":"Feature","id":"ffcc-537","geometry":{"type":"Point","coordinates":[-58.380358,-34.629008]},"properties":{"id":"ffcc-537","name":"Plaza Constitución","tags":{"name":"Plaza Constitución","railway":"station","line":"FFCC Roca","operator":"SOFSE"},"type":"railway_station"}},{"type":"Feature","id":"ffcc-522","geometry":{"type":"Point","coordinates":[-60.40692,-35.06615]},"properties":{"id":"ffcc-522","name":"Mechita","tags":{"name":"Mechita","railway":"station","line":"FFCC Sarmiento","operator":"SOFSE"},"type":"railway_station"}},{"type":"Feature","id":"ffcc-526","geometry":{"type":"Point","coordinates":[-59.103991,-34.577356]},"properties":{"id":"ffcc-526","name":"Luján","tags":{"name":"Luján","railway":"station","line":"FFCC Sarmiento","operator":"SOFSE"},"type":"railway_station"}},{"type":"Feature","id":"ffcc-533","geometry":{"type":"Point","coordinates":[-58.817581,-35.436661]},"properties":{"id":"ffcc-533","name":"Monte","tags":{"name":"Monte","railway":"station","line":"FFCC Roca no operativo","operator":"SOFSE"},"type":"railway_station"}},{"type":"Feature","id":"ffcc-530","geometry":{"type":"Point","coordinates":[-59.096506,-36.025817]},"properties":{"id":"ffcc-530","name":"Las Flores","tags":{"name":"Las Flores","railway":"station","line":"FFCC Roca no operativo","operator":"SOFSE"},"type":"railway_station"}},{"type":"Feature","id":"ffcc-531","geometry":{"type":"Point","coordinates":[-59.507314,-36.373347]},"properties":{"id":"ffcc-531","name":"Cachari","tags":{"name":"Cachari","railway":"station","line":"FFCC Roca no operativo","operator":"SOFSE"},"type":"railway_station"}},{"type":"Feature","id":"ffcc-532","geometry":{"type":"Point","coordinates":[-59.852863,-36.785786]},"properties":{"id":"ffcc-532","name":"Azul","tags":{"name":"Azul","railway":"station","line":"FFCC Roca no operativo","operator":"SOFSE"},"type":"railway_station"}},{"type":"Feature","id":"ffcc-547","geometry":{"type":"Point","coordinates":[-62.693855,-32.612048]},"properties":{"id":"ffcc-547","name":"Bell Ville","tags":{"name":"Bell Ville","railway":"station","line":"FFCC Mitre","operator":"SOFSE"},"type":"railway_station"}},{"type":"Feature","id":"ffcc-548","geometry":{"type":"Point","coordinates":[-63.24505,-32.412705]},"properties":{"id":"ffcc-548","name":"Villa María","tags":{"name":"Villa María","railway":"station","line":"FFCC Mitre","operator":"SOFSE"},"type":"railway_station"}},{"type":"Feature","id":"ffcc-549","geometry":{"type":"Point","coordinates":[-61.394156,-32.822466]},"properties":{"id":"ffcc-549","name":"Cañada de Gomez","tags":{"name":"Cañada de Gomez","railway":"station","line":"FFCC Mitre","operator":"SOFSE"},"type":"railway_station"}},{"type":"Feature","id":"ffcc-550","geometry":{"type":"Point","coordinates":[-59.517183,-33.819831]},"properties":{"id":"ffcc-550","name":"Baradero","tags":{"name":"Baradero","railway":"station","line":"FFCC Mitre","operator":"SOFSE"},"type":"railway_station"}},{"type":"Feature","id":"ffcc-551","geometry":{"type":"Point","coordinates":[-59.6829,-33.694362]},"properties":{"id":"ffcc-551","name":"San Pedro","tags":{"name":"San Pedro","railway":"station","line":"FFCC Mitre","operator":"SOFSE"},"type":"railway_station"}},{"type":"Feature","id":"ffcc-552","geometry":{"type":"Point","coordinates":[-60.226157,-33.344406]},"properties":{"id":"ffcc-552","name":"San Nicolás","tags":{"name":"San Nicolás","railway":"station","line":"FFCC Mitre","operator":"SOFSE"},"type":"railway_station"}},{"type":"Feature","id":"ffcc-553","geometry":{"type":"Point","coordinates":[-61.251916,-32.846651]},"properties":{"id":"ffcc-553","name":"Correa","tags":{"name":"Correa","railway":"station","line":"FFCC Mitre","operator":"SOFSE"},"type":"railway_station"}},{"type":"Feature","id":"ffcc-555","geometry":{"type":"Point","coordinates":[-58.375089,-34.590847]},"properties":{"id":"ffcc-555","name":"Retiro","tags":{"name":"Retiro","railway":"station","line":"FFCC Mitre","operator":"SOFSE"},"type":"railway_station"}},{"type":"Feature","id":"ffcc-556","geometry":{"type":"Point","coordinates":[-58.958494,-34.156751]},"properties":{"id":"ffcc-556","name":"Campana","tags":{"name":"Campana","railway":"station","line":"FFCC Mitre","operator":"SOFSE"},"type":"railway_station"}},{"type":"Feature","id":"ffcc-557","geometry":{"type":"Point","coordinates":[-59.037869,-34.097836]},"properties":{"id":"ffcc-557","name":"Zarate","tags":{"name":"Zarate","railway":"station","line":"FFCC Mitre","operator":"SOFSE"},"type":"railway_station"}},{"type":"Feature","id":"ffcc-558","geometry":{"type":"Point","coordinates":[-60.650353,-33.00932]},"properties":{"id":"ffcc-558","name":"Rosario Sur","tags":{"name":"Rosario Sur","railway":"station","line":"FFCC Mitre","operator":"SOFSE"},"type":"railway_station"}},{"type":"Feature","id":"ffcc-559","geometry":{"type":"Point","coordinates":[-60.657527,-32.93081]},"properties":{"id":"ffcc-559","name":"Rosario Norte","tags":{"name":"Rosario Norte","railway":"station","line":"FFCC Mitre","operator":"SOFSE"},"type":"railway_station"}},{"type":"Feature","id":"ffcc-560","geometry":{"type":"Point","coordinates":[-58.908264,-34.468639]},"properties":{"id":"ffcc-560","name":"Pilar","tags":{"name":"Pilar","railway":"station","line":"FFCC San Martín","operator":"SOFSE"},"type":"railway_station"}},{"type":"Feature","id":"ffcc-561","geometry":{"type":"Point","coordinates":[-59.431223,-34.656866]},"properties":{"id":"ffcc-561","name":"Mercedes P","tags":{"name":"Mercedes P","railway":"station","line":"FFCC San Martín","operator":"SOFSE"},"type":"railway_station"}},{"type":"Feature","id":"ffcc-562","geometry":{"type":"Point","coordinates":[-59.630442,-34.61014]},"properties":{"id":"ffcc-562","name":"Franklin","tags":{"name":"Franklin","railway":"station","line":"FFCC San Martín","operator":"SOFSE"},"type":"railway_station"}},{"type":"Feature","id":"ffcc-563","geometry":{"type":"Point","coordinates":[-59.750482,-34.610403]},"properties":{"id":"ffcc-563","name":"Rivas","tags":{"name":"Rivas","railway":"station","line":"FFCC San Martín","operator":"SOFSE"},"type":"railway_station"}},{"type":"Feature","id":"ffcc-564","geometry":{"type":"Point","coordinates":[-59.897248,-34.610544]},"properties":{"id":"ffcc-564","name":"Castilla","tags":{"name":"Castilla","railway":"station","line":"FFCC San Martín","operator":"SOFSE"},"type":"railway_station"}},{"type":"Feature","id":"ffcc-565","geometry":{"type":"Point","coordinates":[-60.067501,-34.610494]},"properties":{"id":"ffcc-565","name":"Rawson","tags":{"name":"Rawson","railway":"station","line":"FFCC San Martín","operator":"SOFSE"},"type":"railway_station"}},{"type":"Feature","id":"ffcc-566","geometry":{"type":"Point","coordinates":[-58.750877,-34.519036]},"properties":{"id":"ffcc-566","name":"Jose C. Paz","tags":{"name":"Jose C. Paz","railway":"station","line":"FFCC San Martín","operator":"SOFSE"},"type":"railway_station"}},{"type":"Feature","id":"ffcc-567","geometry":{"type":"Point","coordinates":[-60.700209,-34.581613]},"properties":{"id":"ffcc-567","name":"O'Higgins","tags":{"name":"O'Higgins","railway":"station","line":"FFCC San Martín","operator":"SOFSE"},"type":"railway_station"}},{"type":"Feature","id":"ffcc-568","geometry":{"type":"Point","coordinates":[-60.949703,-34.584299]},"properties":{"id":"ffcc-568","name":"Junín","tags":{"name":"Junín","railway":"station","line":"FFCC San Martín","operator":"SOFSE"},"type":"railway_station"}},{"type":"Feature","id":"ffcc-569","geometry":{"type":"Point","coordinates":[-58.373511,-34.589274]},"properties":{"id":"ffcc-569","name":"Retiro","tags":{"name":"Retiro","railway":"station","line":"FFCC San Martín","operator":"SOFSE"},"type":"railway_station"}},{"type":"Feature","id":"ffcc-570","geometry":{"type":"Point","coordinates":[-60.470343,-34.629699]},"properties":{"id":"ffcc-570","name":"Chacabuco","tags":{"name":"Chacabuco","railway":"station","line":"FFCC San Martín","operator":"SOFSE"},"type":"railway_station"}},{"type":"Feature","id":"ffcc-576","geometry":{"type":"Point","coordinates":[-57.778764,-37.276786]},"properties":{"id":"ffcc-576","name":"General Pirán","tags":{"name":"General Pirán","railway":"station","line":"FFCC Roca","operator":"SOFSE"},"type":"railway_station"}},{"type":"Feature","id":"ffcc-577","geometry":{"type":"Point","coordinates":[-57.832121,-37.08721]},"properties":{"id":"ffcc-577","name":"Las Armas","tags":{"name":"Las Armas","railway":"station","line":"FFCC Roca","operator":"SOFSE"},"type":"railway_station"}},{"type":"Feature","id":"ffcc-578","geometry":{"type":"Point","coordinates":[-57.886358,-36.86241]},"properties":{"id":"ffcc-578","name":"Maipú","tags":{"name":"Maipú","railway":"station","line":"FFCC Roca","operator":"SOFSE"},"type":"railway_station"}},{"type":"Feature","id":"ffcc-579","geometry":{"type":"Point","coordinates":[-57.744405,-36.201478]},"properties":{"id":"ffcc-579","name":"Sevigné","tags":{"name":"Sevigné","railway":"station","line":"FFCC Roca","operator":"SOFSE"},"type":"railway_station"}},{"type":"Feature","id":"ffcc-580","geometry":{"type":"Point","coordinates":[-57.687589,-36.30313]},"properties":{"id":"ffcc-580","name":"Dolores","tags":{"name":"Dolores","railway":"station","line":"FFCC Roca","operator":"SOFSE"},"type":"railway_station"}},{"type":"Feature","id":"ffcc-581","geometry":{"type":"Point","coordinates":[-57.982603,-35.578838]},"properties":{"id":"ffcc-581","name":"Chascomús","tags":{"name":"Chascomús","railway":"station","line":"FFCC Roca","operator":"SOFSE"},"type":"railway_station"}},{"type":"Feature","id":"ffcc-582","geometry":{"type":"Point","coordinates":[-57.89536,-35.873895]},"properties":{"id":"ffcc-582","name":"Lezama","tags":{"name":"Lezama","railway":"station","line":"FFCC Roca","operator":"SOFSE"},"type":"railway_station"}},{"type":"Feature","id":"ffcc-583","geometry":{"type":"Point","coordinates":[-58.232031,-35.168031]},"properties":{"id":"ffcc-583","name":"Coronel Brandsen","tags":{"name":"Coronel Brandsen","railway":"station","line":"FFCC Roca","operator":"SOFSE"},"type":"railway_station"}},{"type":"Feature","id":"ffcc-584","geometry":{"type":"Point","coordinates":[-57.565994,-37.987893]},"properties":{"id":"ffcc-584","name":"Mar del Plata","tags":{"name":"Mar del Plata","railway":"station","line":"FFCC Roca","operator":"SOFSE"},"type":"railway_station"}},{"type":"Feature","id":"ffcc-585","geometry":{"type":"Point","coordinates":[-57.81029,-36.093675]},"properties":{"id":"ffcc-585","name":"Castelli","tags":{"name":"Castelli","railway":"station","line":"FFCC Roca","operator":"SOFSE"},"type":"railway_station"}},{"type":"Feature","id":"ffcc-587","geometry":{"type":"Point","coordinates":[-57.791036,-36.656071]},"properties":{"id":"ffcc-587","name":"General Guido","tags":{"name":"General Guido","railway":"station","line":"FFCC Roca","operator":"SOFSE"},"type":"railway_station"}},{"type":"Feature","id":"ffcc-590","geometry":{"type":"Point","coordinates":[-57.140548,-36.999819]},"properties":{"id":"ffcc-590","name":"General Madariaga","tags":{"name":"General Madariaga","railway":"station","line":"FFCC Roca","operator":"SOFSE"},"type":"railway_station"}},{"type":"Feature","id":"ffcc-591","geometry":{"type":"Point","coordinates":[-57.588009,-36.713818]},"properties":{"id":"ffcc-591","name":"Santo Domingo","tags":{"name":"Santo Domingo","railway":"station","line":"FFCC Roca","operator":"SOFSE"},"type":"railway_station"}},{"type":"Feature","id":"ffcc-593","geometry":{"type":"Point","coordinates":[-56.902683,-37.099897]},"properties":{"id":"ffcc-593","name":"Divisadero Pinamar","tags":{"name":"Divisadero Pinamar","railway":"station","line":"FFCC Roca","operator":"SOFSE"},"type":"railway_station"}},{"type":"Feature","id":"ffcc-595","geometry":{"type":"Point","coordinates":[-59.194628,-34.04139]},"properties":{"id":"ffcc-595","name":"Lima","tags":{"name":"Lima","railway":"station","line":"FFCC Mitre","operator":"SOFSE"},"type":"railway_station"}},{"type":"Feature","id":"ffcc-598","geometry":{"type":"Point","coordinates":[-60.067834,-33.501829]},"properties":{"id":"ffcc-598","name":"Ramallo","tags":{"name":"Ramallo","railway":"station","line":"FFCC Mitre","operator":"SOFSE"},"type":"railway_station"}},{"type":"Feature","id":"ffcc-600","geometry":{"type":"Point","coordinates":[-60.509105,-33.156271]},"properties":{"id":"ffcc-600","name":"Arroyo Seco","tags":{"name":"Arroyo Seco","railway":"station","line":"FFCC Mitre","operator":"SOFSE"},"type":"railway_station"}},{"type":"Feature","id":"ffcc-606","geometry":{"type":"Point","coordinates":[-60.383255,-33.260532]},"properties":{"id":"ffcc-606","name":"Emp. Villa Constitución","tags":{"name":"Emp. Villa Constitución","railway":"station","line":"FFCC Mitre","operator":"SOFSE"},"type":"railway_station"}},{"type":"Feature","id":"ffcc-631","geometry":{"type":"Point","coordinates":[-60.94986,-32.606815]},"properties":{"id":"ffcc-631","name":"Serodino","tags":{"name":"Serodino","railway":"station","line":"FFCC Mitre","operator":"SOFSE"},"type":"railway_station"}},{"type":"Feature","id":"ffcc-632","geometry":{"type":"Point","coordinates":[-61.222678,-32.033247]},"properties":{"id":"ffcc-632","name":"Gálvez","tags":{"name":"Gálvez","railway":"station","line":"FFCC Mitre","operator":"SOFSE"},"type":"railway_station"}},{"type":"Feature","id":"ffcc-633","geometry":{"type":"Point","coordinates":[-61.476453,-31.249185]},"properties":{"id":"ffcc-633","name":"Rafaela","tags":{"name":"Rafaela","railway":"station","line":"FFCC Mitre","operator":"SOFSE"},"type":"railway_station"}},{"type":"Feature","id":"ffcc-634","geometry":{"type":"Point","coordinates":[-61.567047,-30.946418]},"properties":{"id":"ffcc-634","name":"Sunchales","tags":{"name":"Sunchales","railway":"station","line":"FFCC Mitre","operator":"SOFSE"},"type":"railway_station"}},{"type":"Feature","id":"ffcc-635","geometry":{"type":"Point","coordinates":[-61.94666,-29.882311]},"properties":{"id":"ffcc-635","name":"Ceres","tags":{"name":"Ceres","railway":"station","line":"FFCC Mitre","operator":"SOFSE"},"type":"railway_station"}},{"type":"Feature","id":"ffcc-636","geometry":{"type":"Point","coordinates":[-62.657735,-29.143728]},"properties":{"id":"ffcc-636","name":"Pinto","tags":{"name":"Pinto","railway":"station","line":"FFCC Mitre","operator":"SOFSE"},"type":"railway_station"}},{"type":"Feature","id":"ffcc-637","geometry":{"type":"Point","coordinates":[-62.951986,-28.604201]},"properties":{"id":"ffcc-637","name":"Colonia Dora","tags":{"name":"Colonia Dora","railway":"station","line":"FFCC Mitre","operator":"SOFSE"},"type":"railway_station"}},{"type":"Feature","id":"ffcc-639","geometry":{"type":"Point","coordinates":[-65.127072,-26.858026]},"properties":{"id":"ffcc-639","name":"Cevil Pozo","tags":{"name":"Cevil Pozo","railway":"station","line":"FFCC Mitre","operator":"SOFSE"},"type":"railway_station"}},{"type":"Feature","id":"ffcc-640","geometry":{"type":"Point","coordinates":[-64.240142,-27.732466]},"properties":{"id":"ffcc-640","name":"La Banda","tags":{"name":"La Banda","railway":"station","line":"FFCC Mitre","operator":"SOFSE"},"type":"railway_station"}},{"type":"Feature","id":"ffcc-647","geometry":{"type":"Point","coordinates":[-64.175146,-31.420342]},"properties":{"id":"ffcc-647","name":"Córdoba","tags":{"name":"Córdoba","railway":"station","line":"FFCC Mitre","operator":"SOFSE"},"type":"railway_station"}},{"type":"Feature","id":"ffcc-648","geometry":{"type":"Point","coordinates":[-64.485446,-31.116657]},"properties":{"id":"ffcc-648","name":"Valle Hermoso","tags":{"name":"Valle Hermoso","railway":"station","line":"FFCC Belgrano","operator":"SOFSE"},"type":"railway_station"}},{"type":"Feature","id":"ffcc-649","geometry":{"type":"Point","coordinates":[-64.472567,-31.153293]},"properties":{"id":"ffcc-649","name":"Casa Grande","tags":{"name":"Casa Grande","railway":"station","line":"FFCC Belgrano","operator":"SOFSE"},"type":"railway_station"}},{"type":"Feature","id":"ffcc-650","geometry":{"type":"Point","coordinates":[-64.467836,-31.24368]},"properties":{"id":"ffcc-650","name":"Cosquín","tags":{"name":"Cosquín","railway":"station","line":"FFCC Belgrano","operator":"SOFSE"},"type":"railway_station"}},{"type":"Feature","id":"ffcc-651","geometry":{"type":"Point","coordinates":[-64.462635,-31.277845]},"properties":{"id":"ffcc-651","name":"Santa María","tags":{"name":"Santa María","railway":"station","line":"FFCC Belgrano","operator":"SOFSE"},"type":"railway_station"}},{"type":"Feature","id":"ffcc-652","geometry":{"type":"Point","coordinates":[-64.463249,-31.307716]},"properties":{"id":"ffcc-652","name":"Bialet Massé","tags":{"name":"Bialet Massé","railway":"station","line":"FFCC Belgrano","operator":"SOFSE"},"type":"railway_station"}},{"type":"Feature","id":"ffcc-653","geometry":{"type":"Point","coordinates":[-64.460791,-31.346143]},"properties":{"id":"ffcc-653","name":"San Roque","tags":{"name":"San Roque","railway":"station","line":"FFCC Belgrano","operator":"SOFSE"},"type":"railway_station"}},{"type":"Feature","id":"ffcc-654","geometry":{"type":"Point","coordinates":[-64.441802,-31.373194]},"properties":{"id":"ffcc-654","name":"Cassaffousth","tags":{"name":"Cassaffousth","railway":"station","line":"FFCC Belgrano","operator":"SOFSE"},"type":"railway_station"}},{"type":"Feature","id":"ffcc-655","geometry":{"type":"Point","coordinates":[-64.403824,-31.346618]},"properties":{"id":"ffcc-655","name":"Casa Bamba","tags":{"name":"Casa Bamba","railway":"station","line":"FFCC Belgrano","operator":"SOFSE"},"type":"railway_station"}},{"type":"Feature","id":"ffcc-656","geometry":{"type":"Point","coordinates":[-64.338498,-31.343411]},"properties":{"id":"ffcc-656","name":"La Calera","tags":{"name":"La Calera","railway":"station","line":"FFCC Belgrano","operator":"SOFSE"},"type":"railway_station"}},{"type":"Feature","id":"ffcc-657","geometry":{"type":"Point","coordinates":[-64.332078,-31.326593]},"properties":{"id":"ffcc-657","name":"Dumesnil","tags":{"name":"Dumesnil","railway":"station","line":"FFCC Belgrano","operator":"SOFSE"},"type":"railway_station"}},{"type":"Feature","id":"ffcc-658","geometry":{"type":"Point","coordinates":[-64.290494,-31.335619]},"properties":{"id":"ffcc-658","name":"Tristan Narvaja","tags":{"name":"Tristan Narvaja","railway":"station","line":"FFCC Belgrano","operator":"SOFSE"},"type":"railway_station"}},{"type":"Feature","id":"ffcc-659","geometry":{"type":"Point","coordinates":[-64.236777,-31.352699]},"properties":{"id":"ffcc-659","name":"La Tablada","tags":{"name":"La Tablada","railway":"station","line":"FFCC Belgrano","operator":"SOFSE"},"type":"railway_station"}},{"type":"Feature","id":"ffcc-660","geometry":{"type":"Point","coordinates":[-64.220264,-31.364157]},"properties":{"id":"ffcc-660","name":"Rodriguez del Busto","tags":{"name":"Rodriguez del Busto","railway":"station","line":"FFCC Belgrano","operator":"SOFSE"},"type":"railway_station"}},{"type":"Feature","id":"ffcc-661","geometry":{"type":"Point","coordinates":[-64.180219,-31.398123]},"properties":{"id":"ffcc-661","name":"Alta Córdoba","tags":{"name":"Alta Córdoba","railway":"station","line":"FFCC Belgrano","operator":"SOFSE"},"type":"railway_station"}},{"type":"Feature","id":"ffcc-662","geometry":{"type":"Point","coordinates":[-64.257041,-31.339593]},"properties":{"id":"ffcc-662","name":"Argüello","tags":{"name":"Argüello","railway":"station","line":"FFCC Belgrano","operator":"SOFSE"},"type":"railway_station"}},{"type":"Feature","id":"ffcc-663","geometry":{"type":"Point","coordinates":[-64.211202,-31.369402]},"properties":{"id":"ffcc-663","name":"Hospital Neonatal","tags":{"name":"Hospital Neonatal","railway":"station","line":"FFCC Belgrano","operator":"SOFSE"},"type":"railway_station"}},{"type":"Feature","id":"ffcc-664","geometry":{"type":"Point","coordinates":[-63.46378,-32.164107]},"properties":{"id":"ffcc-664","name":"James Craik","tags":{"name":"James Craik","railway":"station","line":"FFCC Mitre","operator":"SOFSE"},"type":"railway_station"}},{"type":"Feature","id":"ffcc-665","geometry":{"type":"Point","coordinates":[-63.571317,-32.041888]},"properties":{"id":"ffcc-665","name":"Oliva","tags":{"name":"Oliva","railway":"station","line":"FFCC Mitre","operator":"SOFSE"},"type":"railway_station"}},{"type":"Feature","id":"ffcc-666","geometry":{"type":"Point","coordinates":[-63.685103,-31.911675]},"properties":{"id":"ffcc-666","name":"Oncativo","tags":{"name":"Oncativo","railway":"station","line":"FFCC Mitre","operator":"SOFSE"},"type":"railway_station"}},{"type":"Feature","id":"ffcc-667","geometry":{"type":"Point","coordinates":[-63.744749,-31.843192]},"properties":{"id":"ffcc-667","name":"Manfredi","tags":{"name":"Manfredi","railway":"station","line":"FFCC Mitre","operator":"SOFSE"},"type":"railway_station"}},{"type":"Feature","id":"ffcc-668","geometry":{"type":"Point","coordinates":[-63.802884,-31.777342]},"properties":{"id":"ffcc-668","name":"Laguna Larga","tags":{"name":"Laguna Larga","railway":"station","line":"FFCC Mitre","operator":"SOFSE"},"type":"railway_station"}},{"type":"Feature","id":"ffcc-669","geometry":{"type":"Point","coordinates":[-63.885317,-31.682531]},"properties":{"id":"ffcc-669","name":"Pilar","tags":{"name":"Pilar","railway":"station","line":"FFCC Mitre","operator":"SOFSE"},"type":"railway_station"}},{"type":"Feature","id":"ffcc-670","geometry":{"type":"Point","coordinates":[-63.910394,-31.653922]},"properties":{"id":"ffcc-670","name":"Río Segundo","tags":{"name":"Río Segundo","railway":"station","line":"FFCC Mitre","operator":"SOFSE"},"type":"railway_station"}},{"type":"Feature","id":"ffcc-671","geometry":{"type":"Point","coordinates":[-64.009592,-31.55622]},"properties":{"id":"ffcc-671","name":"Toledo","tags":{"name":"Toledo","railway":"station","line":"FFCC Mitre","operator":"SOFSE"},"type":"railway_station"}},{"type":"Feature","id":"ffcc-675","geometry":{"type":"Point","coordinates":[-63.355272,-32.287797]},"properties":{"id":"ffcc-675","name":"Tío Pujio KM 570.7","tags":{"name":"Tío Pujio KM 570.7","railway":"station","line":"FFCC Mitre","operator":"SOFSE"},"type":"railway_station"}},{"type":"Feature","id":"ffcc-676","geometry":{"type":"Point","coordinates":[-65.044193,-24.673275]},"properties":{"id":"ffcc-676","name":"Güemes","tags":{"name":"Güemes","railway":"station","line":"FFCC Belgrano","operator":"SOFSE"},"type":"railway_station"}},{"type":"Feature","id":"ffcc-677","geometry":{"type":"Point","coordinates":[-65.10163,-24.664186]},"properties":{"id":"ffcc-677","name":"Campo Santo","tags":{"name":"Campo Santo","railway":"station","line":"FFCC Belgrano","operator":"SOFSE"},"type":"railway_station"}},{"type":"Feature","id":"ffcc-678","geometry":{"type":"Point","coordinates":[-65.147952,-24.684431]},"properties":{"id":"ffcc-678","name":"Betania","tags":{"name":"Betania","railway":"station","line":"FFCC Belgrano","operator":"SOFSE"},"type":"railway_station"}},{"type":"Feature","id":"ffcc-679","geometry":{"type":"Point","coordinates":[-65.411367,-24.77717]},"properties":{"id":"ffcc-679","name":"Salta","tags":{"name":"Salta","railway":"station","line":"FFCC Belgrano","operator":"SOFSE"},"type":"railway_station"}},{"type":"Feature","id":"ffcc-680","geometry":{"type":"Point","coordinates":[-65.492134,-24.906659]},"properties":{"id":"ffcc-680","name":"Cerrillos","tags":{"name":"Cerrillos","railway":"station","line":"FFCC Belgrano","operator":"SOFSE"},"type":"railway_station"}},{"type":"Feature","id":"ffcc-682","geometry":{"type":"Point","coordinates":[-65.583188,-24.979265]},"properties":{"id":"ffcc-682","name":"Rosario de Lerma","tags":{"name":"Rosario de Lerma","railway":"station","line":"FFCC Belgrano","operator":"SOFSE"},"type":"railway_station"}},{"type":"Feature","id":"ffcc-683","geometry":{"type":"Point","coordinates":[-65.646074,-24.910773]},"properties":{"id":"ffcc-683","name":"Campo Quijano","tags":{"name":"Campo Quijano","railway":"station","line":"FFCC Belgrano","operator":"SOFSE"},"type":"railway_station"}},{"type":"Feature","id":"ffcc-684","geometry":{"type":"Point","coordinates":[-65.395964,-24.741172]},"properties":{"id":"ffcc-684","name":"Batalla de Salta","tags":{"name":"Batalla de Salta","railway":"station","line":"FFCC Belgrano","operator":"SOFSE"},"type":"railway_station"}},{"type":"Feature","id":"ffcc-685","geometry":{"type":"Point","coordinates":[-60.532144,-31.742103]},"properties":{"id":"ffcc-685","name":"Paraná","tags":{"name":"Paraná","railway":"station","line":"FFCC Urquiza","operator":"SOFSE"},"type":"railway_station"}},{"type":"Feature","id":"ffcc-686","geometry":{"type":"Point","coordinates":[-60.448704,-31.752648]},"properties":{"id":"ffcc-686","name":"Ramón A. Parera","tags":{"name":"Ramón A. Parera","railway":"station","line":"FFCC Urquiza","operator":"SOFSE"},"type":"railway_station"}},{"type":"Feature","id":"ffcc-688","geometry":{"type":"Point","coordinates":[-60.52075,-31.758279]},"properties":{"id":"ffcc-688","name":"Francisco Ramírez","tags":{"name":"Francisco Ramírez","railway":"station","line":"FFCC Urquiza","operator":"SOFSE"},"type":"railway_station"}},{"type":"Feature","id":"ffcc-689","geometry":{"type":"Point","coordinates":[-60.51605,-31.764164]},"properties":{"id":"ffcc-689","name":"División de los Andes","tags":{"name":"División de los Andes","railway":"station","line":"FFCC Urquiza","operator":"SOFSE"},"type":"railway_station"}},{"type":"Feature","id":"ffcc-690","geometry":{"type":"Point","coordinates":[-60.512522,-31.768516]},"properties":{"id":"ffcc-690","name":"Miguel David","tags":{"name":"Miguel David","railway":"station","line":"FFCC Urquiza","operator":"SOFSE"},"type":"railway_station"}},{"type":"Feature","id":"ffcc-691","geometry":{"type":"Point","coordinates":[-60.50421,-31.773396]},"properties":{"id":"ffcc-691","name":"Las Garzas","tags":{"name":"Las Garzas","railway":"station","line":"FFCC Urquiza","operator":"SOFSE"},"type":"railway_station"}},{"type":"Feature","id":"ffcc-692","geometry":{"type":"Point","coordinates":[-60.495228,-31.771995]},"properties":{"id":"ffcc-692","name":"Gobernador Parera","tags":{"name":"Gobernador Parera","railway":"station","line":"FFCC Urquiza","operator":"SOFSE"},"type":"railway_station"}},{"type":"Feature","id":"ffcc-693","geometry":{"type":"Point","coordinates":[-60.482955,-31.769709]},"properties":{"id":"ffcc-693","name":"Salvador Caputto","tags":{"name":"Salvador Caputto","railway":"station","line":"FFCC Urquiza","operator":"SOFSE"},"type":"railway_station"}},{"type":"Feature","id":"ffcc-694","geometry":{"type":"Point","coordinates":[-60.454365,-31.751994]},"properties":{"id":"ffcc-694","name":"Gobernador Maya","tags":{"name":"Gobernador Maya","railway":"station","line":"FFCC Urquiza","operator":"SOFSE"},"type":"railway_station"}},{"type":"Feature","id":"ffcc-695","geometry":{"type":"Point","coordinates":[-60.409136,-31.756235]},"properties":{"id":"ffcc-695","name":"Colonia Avellaneda","tags":{"name":"Colonia Avellaneda","railway":"station","line":"FFCC Urquiza","operator":"SOFSE"},"type":"railway_station"}},{"type":"Feature","id":"ffcc-696","geometry":{"type":"Point","coordinates":[-68.058241,-38.955946]},"properties":{"id":"ffcc-696","name":"Neuquén","tags":{"name":"Neuquén","railway":"station","line":"FFCC Roca","operator":"SOFSE"},"type":"railway_station"}},{"type":"Feature","id":"ffcc-697","geometry":{"type":"Point","coordinates":[-68.232939,-38.955156]},"properties":{"id":"ffcc-697","name":"Plottier","tags":{"name":"Plottier","railway":"station","line":"FFCC Roca","operator":"SOFSE"},"type":"railway_station"}},{"type":"Feature","id":"ffcc-698","geometry":{"type":"Point","coordinates":[-67.996407,-38.941952]},"properties":{"id":"ffcc-698","name":"Cipolletti","tags":{"name":"Cipolletti","railway":"station","line":"FFCC Roca","operator":"SOFSE"},"type":"railway_station"}},{"type":"Feature","id":"ffcc-699","geometry":{"type":"Point","coordinates":[-55.883677,-27.380207]},"properties":{"id":"ffcc-699","name":"Posadas","tags":{"name":"Posadas","railway":"station","line":"FFCC Urquiza","operator":"SOFSE"},"type":"railway_station"}},{"type":"Feature","id":"ffcc-700","geometry":{"type":"Point","coordinates":[-55.848985,-27.361156]},"properties":{"id":"ffcc-700","name":"Encarnación","tags":{"name":"Encarnación","railway":"station","line":"FFCC Urquiza","operator":"SOFSE"},"type":"railway_station"}},{"type":"Feature","id":"ffcc-701","geometry":{"type":"Point","coordinates":[-59.045214,-27.415268]},"properties":{"id":"ffcc-701","name":"Cacuí","tags":{"name":"Cacuí","railway":"station","line":"FFCC Belgrano","operator":"SOFSE"},"type":"railway_station"}},{"type":"Feature","id":"ffcc-702","geometry":{"type":"Point","coordinates":[-58.981116,-27.463815]},"properties":{"id":"ffcc-702","name":"Resistencia","tags":{"name":"Resistencia","railway":"station","line":"FFCC Belgrano","operator":"SOFSE"},"type":"railway_station"}},{"type":"Feature","id":"ffcc-703","geometry":{"type":"Point","coordinates":[-59.860924,-27.650844]},"properties":{"id":"ffcc-703","name":"Charadai","tags":{"name":"Charadai","railway":"station","line":"FFCC Belgrano","operator":"SOFSE"},"type":"railway_station"}},{"type":"Feature","id":"ffcc-706","geometry":{"type":"Point","coordinates":[-59.419148,-27.410854]},"properties":{"id":"ffcc-706","name":"General Obligado","tags":{"name":"General Obligado","railway":"station","line":"FFCC Belgrano","operator":"SOFSE"},"type":"railway_station"}},{"type":"Feature","id":"ffcc-707","geometry":{"type":"Point","coordinates":[-59.233779,-27.409026]},"properties":{"id":"ffcc-707","name":"Fortín Cardoso","tags":{"name":"Fortín Cardoso","railway":"station","line":"FFCC Belgrano","operator":"SOFSE"},"type":"railway_station"}},{"type":"Feature","id":"ffcc-708","geometry":{"type":"Point","coordinates":[-59.108424,-27.385917]},"properties":{"id":"ffcc-708","name":"General Dónovan","tags":{"name":"General Dónovan","railway":"station","line":"FFCC Belgrano","operator":"SOFSE"},"type":"railway_station"}},{"type":"Feature","id":"ffcc-711","geometry":{"type":"Point","coordinates":[-59.336987,-27.412607]},"properties":{"id":"ffcc-711","name":"Desvío Km 519","tags":{"name":"Desvío Km 519","railway":"station","line":"FFCC Belgrano","operator":"SOFSE"},"type":"railway_station"}},{"type":"Feature","id":"ffcc-712","geometry":{"type":"Point","coordinates":[-59.292445,-27.413521]},"properties":{"id":"ffcc-712","name":"Desvío Km. 523","tags":{"name":"Desvío Km. 523","railway":"station","line":"FFCC Belgrano","operator":"SOFSE"},"type":"railway_station"}},{"type":"Feature","id":"ffcc-713","geometry":{"type":"Point","coordinates":[-59.166757,-27.394112]},"properties":{"id":"ffcc-713","name":"Desvío Km. 535","tags":{"name":"Desvío Km. 535","railway":"station","line":"FFCC Belgrano","operator":"SOFSE"},"type":"railway_station"}},{"type":"Feature","id":"ffcc-716","geometry":{"type":"Point","coordinates":[-59.007744,-27.440124]},"properties":{"id":"ffcc-716","name":"Fotheringham","tags":{"name":"Fotheringham","railway":"station","line":"FFCC Belgrano","operator":"SOFSE"},"type":"railway_station"}},{"type":"Feature","id":"ffcc-717","geometry":{"type":"Point","coordinates":[-58.998488,-27.448331]},"properties":{"id":"ffcc-717","name":"Hernandarias","tags":{"name":"Hernandarias","railway":"station","line":"FFCC Belgrano","operator":"SOFSE"},"type":"railway_station"}},{"type":"Feature","id":"ffcc-718","geometry":{"type":"Point","coordinates":[-58.991359,-27.454714]},"properties":{"id":"ffcc-718","name":"Alberdi","tags":{"name":"Alberdi","railway":"station","line":"FFCC Belgrano","operator":"SOFSE"},"type":"railway_station"}},{"type":"Feature","id":"ffcc-719","geometry":{"type":"Point","coordinates":[-60.441085,-26.794641]},"properties":{"id":"ffcc-719","name":"Presidencia Roque Sáenz Peña","tags":{"name":"Presidencia Roque Sáenz Peña","railway":"station","line":"FFCC Belgrano","operator":"SOFSE"},"type":"railway_station"}},{"type":"Feature","id":"ffcc-720","geometry":{"type":"Point","coordinates":[-61.399079,-27.916268]},"properties":{"id":"ffcc-720","name":"Chorotis","tags":{"name":"Chorotis","railway":"station","line":"FFCC Belgrano","operator":"SOFSE"},"type":"railway_station"}},{"type":"Feature","id":"ffcc-721","geometry":{"type":"Point","coordinates":[-61.382151,-27.816278]},"properties":{"id":"ffcc-721","name":"Venados Grandes","tags":{"name":"Venados Grandes","railway":"station","line":"FFCC Belgrano","operator":"SOFSE"},"type":"railway_station"}},{"type":"Feature","id":"ffcc-722","geometry":{"type":"Point","coordinates":[-61.365115,-27.715379]},"properties":{"id":"ffcc-722","name":"Zuberbühler","tags":{"name":"Zuberbühler","railway":"station","line":"FFCC Belgrano","operator":"SOFSE"},"type":"railway_station"}},{"type":"Feature","id":"ffcc-723","geometry":{"type":"Point","coordinates":[-61.347377,-27.61009]},"properties":{"id":"ffcc-723","name":"Hermoso Campo","tags":{"name":"Hermoso Campo","railway":"station","line":"FFCC Belgrano","operator":"SOFSE"},"type":"railway_station"}},{"type":"Feature","id":"ffcc-724","geometry":{"type":"Point","coordinates":[-61.326611,-27.48649]},"properties":{"id":"ffcc-724","name":"Itín","tags":{"name":"Itín","railway":"station","line":"FFCC Belgrano","operator":"SOFSE"},"type":"railway_station"}},{"type":"Feature","id":"ffcc-725","geometry":{"type":"Point","coordinates":[-60.733716,-26.691036]},"properties":{"id":"ffcc-725","name":"Avia Terai","tags":{"name":"Avia Terai","railway":"station","line":"FFCC Belgrano","operator":"SOFSE"},"type":"railway_station"}},{"type":"Feature","id":"ffcc-726","geometry":{"type":"Point","coordinates":[-61.280225,-27.317683]},"properties":{"id":"ffcc-726","name":"General Pinedo","tags":{"name":"General Pinedo","railway":"station","line":"FFCC Belgrano","operator":"SOFSE"},"type":"railway_station"}},{"type":"Feature","id":"ffcc-727","geometry":{"type":"Point","coordinates":[-61.191783,-27.215074]},"properties":{"id":"ffcc-727","name":"Charata","tags":{"name":"Charata","railway":"station","line":"FFCC Belgrano","operator":"SOFSE"},"type":"railway_station"}},{"type":"Feature","id":"ffcc-728","geometry":{"type":"Point","coordinates":[-61.140947,-27.155983]},"properties":{"id":"ffcc-728","name":"Pampa del Cielo","tags":{"name":"Pampa del Cielo","railway":"station","line":"FFCC Belgrano","operator":"SOFSE"},"type":"railway_station"}},{"type":"Feature","id":"ffcc-729","geometry":{"type":"Point","coordinates":[-61.084054,-27.089712]},"properties":{"id":"ffcc-729","name":"Las Breñas","tags":{"name":"Las Breñas","railway":"station","line":"FFCC Belgrano","operator":"SOFSE"},"type":"railway_station"}},{"type":"Feature","id":"ffcc-730","geometry":{"type":"Point","coordinates":[-61.018364,-27.01281]},"properties":{"id":"ffcc-730","name":"Pozo del Indio","tags":{"name":"Pozo del Indio","railway":"station","line":"FFCC Belgrano","operator":"SOFSE"},"type":"railway_station"}},{"type":"Feature","id":"ffcc-731","geometry":{"type":"Point","coordinates":[-60.969565,-26.955707]},"properties":{"id":"ffcc-731","name":"Corzuela","tags":{"name":"Corzuela","railway":"station","line":"FFCC Belgrano","operator":"SOFSE"},"type":"railway_station"}},{"type":"Feature","id":"ffcc-732","geometry":{"type":"Point","coordinates":[-60.841665,-26.805041]},"properties":{"id":"ffcc-732","name":"Campo Largo","tags":{"name":"Campo Largo","railway":"station","line":"FFCC Belgrano","operator":"SOFSE"},"type":"railway_station"}},{"type":"Feature","id":"ffcc-733","geometry":{"type":"Point","coordinates":[-60.540034,-26.7596]},"properties":{"id":"ffcc-733","name":"La Mascota","tags":{"name":"La Mascota","railway":"station","line":"FFCC Belgrano","operator":"SOFSE"},"type":"railway_station"}},{"type":"Feature","id":"ffcc-734","geometry":{"type":"Point","coordinates":[-60.618683,-26.731816]},"properties":{"id":"ffcc-734","name":"Napenay","tags":{"name":"Napenay","railway":"station","line":"FFCC Belgrano","operator":"SOFSE"},"type":"railway_station"}},{"type":"Feature","id":"ffcc-735","geometry":{"type":"Point","coordinates":[-60.908685,-26.884152]},"properties":{"id":"ffcc-735","name":"Las Chuñas","tags":{"name":"Las Chuñas","railway":"station","line":"FFCC Belgrano","operator":"SOFSE"},"type":"railway_station"}}]}